-- phpMyAdmin SQL Dump
-- version 4.8.2
-- https://www.phpmyadmin.net/
--
-- Servidor: 127.0.0.1
-- Tiempo de generación: 21-11-2018 a las 23:08:10
-- Versión del servidor: 10.1.34-MariaDB
-- Versión de PHP: 7.2.7

SET SQL_MODE = "NO_AUTO_VALUE_ON_ZERO";
SET AUTOCOMMIT = 0;
START TRANSACTION;
SET time_zone = "+00:00";


/*!40101 SET @OLD_CHARACTER_SET_CLIENT=@@CHARACTER_SET_CLIENT */;
/*!40101 SET @OLD_CHARACTER_SET_RESULTS=@@CHARACTER_SET_RESULTS */;
/*!40101 SET @OLD_COLLATION_CONNECTION=@@COLLATION_CONNECTION */;
/*!40101 SET NAMES utf8mb4 */;

--
-- Base de datos: `eapi`
--

-- --------------------------------------------------------

--
-- Estructura de tabla para la tabla `migrations`
--

CREATE TABLE `migrations` (
  `id` int(10) UNSIGNED NOT NULL,
  `migration` varchar(191) COLLATE utf8mb4_unicode_ci NOT NULL,
  `batch` int(11) NOT NULL
) ENGINE=InnoDB DEFAULT CHARSET=utf8mb4 COLLATE=utf8mb4_unicode_ci;

--
-- Volcado de datos para la tabla `migrations`
--

INSERT INTO `migrations` (`id`, `migration`, `batch`) VALUES
(1, '2014_10_12_000000_create_users_table', 1),
(2, '2014_10_12_100000_create_password_resets_table', 1),
(3, '2018_11_21_204513_create_products_table', 1),
(4, '2018_11_21_204603_create_reviews_table', 1);

-- --------------------------------------------------------

--
-- Estructura de tabla para la tabla `password_resets`
--

CREATE TABLE `password_resets` (
  `email` varchar(191) COLLATE utf8mb4_unicode_ci NOT NULL,
  `token` varchar(191) COLLATE utf8mb4_unicode_ci NOT NULL,
  `created_at` timestamp NULL DEFAULT NULL
) ENGINE=InnoDB DEFAULT CHARSET=utf8mb4 COLLATE=utf8mb4_unicode_ci;

-- --------------------------------------------------------

--
-- Estructura de tabla para la tabla `products`
--

CREATE TABLE `products` (
  `id` int(10) UNSIGNED NOT NULL,
  `name` varchar(191) COLLATE utf8mb4_unicode_ci NOT NULL,
  `detail` text COLLATE utf8mb4_unicode_ci NOT NULL,
  `price` double NOT NULL,
  `stock` int(11) NOT NULL,
  `discount` double NOT NULL,
  `created_at` timestamp NULL DEFAULT NULL,
  `updated_at` timestamp NULL DEFAULT NULL
) ENGINE=InnoDB DEFAULT CHARSET=utf8mb4 COLLATE=utf8mb4_unicode_ci;

--
-- Volcado de datos para la tabla `products`
--

INSERT INTO `products` (`id`, `name`, `detail`, `price`, `stock`, `discount`, `created_at`, `updated_at`) VALUES
(1, 'molestiae', 'Eos culpa facilis eos et non. Illum tempore dignissimos illo repudiandae placeat voluptas. Labore vel quia doloremque sapiente excepturi.', 710, 5, 13, '2018-11-21 17:04:21', '2018-11-21 17:04:21'),
(2, 'quia', 'Quasi nostrum rerum unde mollitia consequatur molestiae. Accusantium ipsam nihil sunt maiores veniam. Pariatur et quos omnis eveniet. Maxime illum et et quae dicta quo.', 354, 1, 30, '2018-11-21 17:04:21', '2018-11-21 17:04:21'),
(3, 'voluptatem', 'Sit possimus optio qui ullam enim. Est ipsa molestias maxime earum. Ut enim molestiae omnis ut deleniti ratione. Voluptatem delectus non dolor aut rerum.', 411, 4, 16, '2018-11-21 17:04:21', '2018-11-21 17:04:21'),
(4, 'odit', 'Dolor harum saepe iure minima voluptate minus. Iusto voluptatem eum asperiores veritatis consequatur aperiam placeat. Non libero autem cum qui. Quisquam commodi fugit fugit hic accusantium. Facilis omnis totam quos eum quia quis enim.', 578, 8, 14, '2018-11-21 17:04:21', '2018-11-21 17:04:21'),
(5, 'enim', 'Ipsa non et itaque consequatur. Facere explicabo autem ut odio distinctio dolorum sit optio. Maxime aut sed nisi dolore sint architecto.', 951, 6, 29, '2018-11-21 17:04:22', '2018-11-21 17:04:22'),
(6, 'ut', 'Labore aperiam dignissimos autem aliquam. Aut quis exercitationem a. Enim cumque porro numquam nihil quod esse.', 622, 4, 6, '2018-11-21 17:04:22', '2018-11-21 17:04:22'),
(7, 'enim', 'Sit quis porro dignissimos. Qui ut excepturi eos nihil magnam ducimus sequi. Voluptatum quia fugit sunt harum.', 404, 7, 12, '2018-11-21 17:04:22', '2018-11-21 17:04:22'),
(8, 'molestiae', 'Eveniet dignissimos quis tempora nisi. Quia expedita aliquid qui. Quidem nihil corrupti pariatur laudantium tempore aut.', 823, 0, 7, '2018-11-21 17:04:22', '2018-11-21 17:04:22'),
(9, 'dolor', 'Inventore fugit nulla corrupti. Optio voluptatem quaerat nulla sunt. Aut et voluptatem ipsa. Eos omnis veritatis sed aut perferendis et.', 662, 6, 5, '2018-11-21 17:04:22', '2018-11-21 17:04:22'),
(10, 'possimus', 'Aliquam doloremque fuga minima totam incidunt. Incidunt quaerat optio aliquid minus ut qui excepturi. Molestiae qui earum minima.', 494, 8, 24, '2018-11-21 17:04:22', '2018-11-21 17:04:22'),
(11, 'ab', 'Provident quia non ipsa dolor quia repellendus. Incidunt quisquam dicta ad nulla laborum. Vero sed nobis reiciendis asperiores inventore possimus. Eligendi nulla eveniet earum odit labore.', 251, 4, 5, '2018-11-21 17:04:22', '2018-11-21 17:04:22'),
(12, 'odio', 'Nihil velit sunt autem ratione. Laboriosam ut sequi enim error. Quisquam et natus eum corrupti. Blanditiis illo odio ipsa.', 221, 8, 12, '2018-11-21 17:04:22', '2018-11-21 17:04:22'),
(13, 'rerum', 'Consectetur molestiae alias ut vitae. Atque eaque sunt fugit aspernatur error.', 580, 5, 28, '2018-11-21 17:04:22', '2018-11-21 17:04:22'),
(14, 'et', 'Id nulla odit et qui mollitia et error. Et aliquam inventore laborum sed aut ipsa sed. Itaque perferendis consequatur neque voluptatem aut. Ipsa aut ex non et.', 716, 6, 26, '2018-11-21 17:04:22', '2018-11-21 17:04:22'),
(15, 'quis', 'Similique qui nulla odio magni quibusdam. Quas quos mollitia ipsum occaecati ducimus dolorem. Eligendi blanditiis repellendus quia aspernatur omnis esse est. Et tempora maiores at impedit odio accusantium officiis harum.', 937, 0, 18, '2018-11-21 17:04:22', '2018-11-21 17:04:22'),
(16, 'quasi', 'Sequi fugit rerum dicta. Accusamus sequi debitis porro facilis. Eos aut explicabo numquam.', 620, 1, 24, '2018-11-21 17:04:22', '2018-11-21 17:04:22'),
(17, 'est', 'Molestiae consequatur ut molestiae saepe officiis quia voluptas. Eos iure voluptate ea adipisci dolore et. Et qui ut perspiciatis laboriosam amet illum. Aliquam rem optio id.', 911, 9, 10, '2018-11-21 17:04:22', '2018-11-21 17:04:22'),
(18, 'et', 'Quas vitae eaque est ut. Animi perferendis enim perspiciatis aut voluptatem. Vitae deleniti nemo fugit non cupiditate modi quasi. Tenetur hic maxime et voluptates.', 175, 2, 13, '2018-11-21 17:04:22', '2018-11-21 17:04:22'),
(19, 'quam', 'Saepe dolores voluptatibus quasi ut voluptas officia. Deleniti alias at quos sunt voluptatibus assumenda. Vitae ea exercitationem et facilis autem.', 989, 7, 10, '2018-11-21 17:04:22', '2018-11-21 17:04:22'),
(20, 'nostrum', 'Labore cumque optio magnam. Ut facere nihil voluptate a voluptas soluta omnis. Et dolor est nam repellat voluptatem tenetur asperiores. Enim numquam est quae quis id quia.', 656, 1, 7, '2018-11-21 17:04:22', '2018-11-21 17:04:22'),
(21, 'magni', 'Ipsum dolorum cumque non ea. Et similique nulla voluptas hic reiciendis. Molestias tempore sit iure recusandae.', 194, 9, 25, '2018-11-21 17:04:22', '2018-11-21 17:04:22'),
(22, 'omnis', 'Qui molestiae veniam hic nihil ipsam voluptatum. Nihil dolor ad veritatis soluta deleniti in voluptatem. Praesentium harum quia veritatis fuga. Ex temporibus dolorem velit ducimus dolorum.', 153, 0, 29, '2018-11-21 17:04:22', '2018-11-21 17:04:22'),
(23, 'non', 'Recusandae nam nobis et alias nihil error dolor maxime. Voluptas soluta pariatur dolores accusamus voluptas est optio. Quia qui fugiat animi beatae voluptatem eligendi unde soluta. Mollitia qui vel a qui sint. Delectus voluptatem et natus quasi et.', 646, 9, 2, '2018-11-21 17:04:22', '2018-11-21 17:04:22'),
(24, 'consequuntur', 'Quia provident sunt occaecati ut nemo aut quia. Ea sunt atque fugiat quia. A unde ipsam aut sed quo consequuntur illo.', 757, 4, 24, '2018-11-21 17:04:22', '2018-11-21 17:04:22'),
(25, 'magnam', 'Animi suscipit animi quia architecto autem aut. Ullam omnis voluptas in quo reprehenderit dolores dolor.', 291, 9, 8, '2018-11-21 17:04:22', '2018-11-21 17:04:22'),
(26, 'minus', 'Natus aut quo odit molestias. Neque debitis non quis dolore beatae. Deleniti suscipit ut et repudiandae tenetur. Harum a aut sint quia provident iure voluptate nulla.', 985, 7, 25, '2018-11-21 17:04:22', '2018-11-21 17:04:22'),
(27, 'ipsam', 'Modi voluptas corporis quaerat cum a qui quos. Perspiciatis ipsum sunt doloribus hic voluptatum iste. Omnis velit nesciunt quidem.', 467, 4, 9, '2018-11-21 17:04:22', '2018-11-21 17:04:22'),
(28, 'quisquam', 'Quae vel soluta id minima et quaerat consequatur. Similique id corrupti ut sit voluptate consequatur vel quos. Corrupti fugit occaecati est ut numquam occaecati. Ea vitae vel voluptatem dolore voluptatem.', 120, 3, 15, '2018-11-21 17:04:22', '2018-11-21 17:04:22'),
(29, 'labore', 'Harum sit animi aut eius totam ipsa magni. Sint numquam voluptas recusandae ut. Ad quaerat officiis odit accusantium rerum. Provident minus corporis assumenda sit.', 882, 0, 5, '2018-11-21 17:04:22', '2018-11-21 17:04:22'),
(30, 'mollitia', 'Impedit similique odio voluptates qui. Incidunt provident quis eum qui fuga accusamus illum nobis. Maxime ullam est blanditiis numquam veritatis repudiandae qui. Dicta dolorum saepe iure quod voluptatem beatae sint. Consequuntur ut accusamus voluptatem iure eos.', 676, 6, 18, '2018-11-21 17:04:22', '2018-11-21 17:04:22'),
(31, 'et', 'Voluptatem voluptas est porro corporis et ab. Quis vel facere at sapiente perspiciatis error. Accusamus in asperiores accusantium alias eligendi soluta aut qui.', 842, 2, 6, '2018-11-21 17:04:22', '2018-11-21 17:04:22'),
(32, 'placeat', 'Recusandae natus expedita iste. Aut eum blanditiis qui dolorem omnis consequatur est. Ipsa provident accusamus autem eos voluptas qui et. Voluptatum et repudiandae nobis non veritatis iste ut. Sed ut expedita illo minima optio ut.', 512, 4, 26, '2018-11-21 17:04:22', '2018-11-21 17:04:22'),
(33, 'beatae', 'Eum in quia vero dignissimos. Aliquam ea at aut libero. Nulla omnis voluptatum omnis enim facilis sed. Harum recusandae nihil alias maiores.', 145, 6, 8, '2018-11-21 17:04:22', '2018-11-21 17:04:22'),
(34, 'nemo', 'Voluptates eos qui est nesciunt. Aut enim et est natus eos accusamus. Et dolore aut cumque quia magni.', 472, 5, 29, '2018-11-21 17:04:22', '2018-11-21 17:04:22'),
(35, 'dolore', 'Dolores non culpa officiis doloribus id sint. Aut error tempore aut laborum. Ducimus voluptas a nostrum et.', 214, 4, 18, '2018-11-21 17:04:22', '2018-11-21 17:04:22'),
(36, 'et', 'Sit aut blanditiis et officiis vel. Ratione quos aspernatur consectetur quidem ipsam quaerat minus. Est commodi est ut sequi tempora. Repudiandae hic eveniet saepe iure velit autem.', 688, 0, 2, '2018-11-21 17:04:22', '2018-11-21 17:04:22'),
(37, 'nihil', 'Consequatur saepe laborum nulla debitis et vel debitis sed. Consectetur est ex expedita placeat ea. Et velit dolorem quis corporis vel quis voluptas.', 432, 5, 18, '2018-11-21 17:04:22', '2018-11-21 17:04:22'),
(38, 'ex', 'Perspiciatis quo voluptatum aspernatur earum. Ex quo quis voluptas qui. Quis qui reiciendis quidem.', 434, 4, 17, '2018-11-21 17:04:22', '2018-11-21 17:04:22'),
(39, 'in', 'Inventore quo consequatur perspiciatis in est accusantium soluta. Rerum ad sed fugit reiciendis. Minima mollitia rerum voluptatem necessitatibus. Quae nesciunt et sed quam aut aut.', 371, 6, 26, '2018-11-21 17:04:22', '2018-11-21 17:04:22'),
(40, 'aut', 'Cupiditate culpa aut aperiam qui illo aut. Deleniti quam quae adipisci non. Doloribus tempora et accusamus hic voluptas tenetur sequi.', 570, 0, 29, '2018-11-21 17:04:22', '2018-11-21 17:04:22'),
(41, 'itaque', 'Possimus eaque occaecati quia qui. Ducimus deserunt minus temporibus ullam. Aut optio fuga rerum et tenetur accusamus ut. Consequuntur ab quia dicta ea sed dolore perspiciatis blanditiis. Ut quia beatae provident voluptate tenetur.', 483, 9, 3, '2018-11-21 17:04:22', '2018-11-21 17:04:22'),
(42, 'repellendus', 'Facere est explicabo voluptatum vero non possimus. Ut rerum perferendis maxime tempore eum. Et quam vel aut iusto nihil dolorum adipisci a. Maiores voluptatibus voluptas eveniet est corporis. Et sed qui officiis rem autem laboriosam alias.', 236, 5, 6, '2018-11-21 17:04:22', '2018-11-21 17:04:22'),
(43, 'magnam', 'Aliquid quia sed et dolorem quam ab non dolorem. Sit dolor error nam perspiciatis harum quasi natus. Voluptatem ullam dolore ut omnis vitae. Eos dolorem consequuntur voluptatibus omnis.', 565, 9, 22, '2018-11-21 17:04:22', '2018-11-21 17:04:22'),
(44, 'occaecati', 'Tempore iure inventore ipsa iure delectus. Consectetur quia provident est. Dolor beatae natus temporibus veritatis soluta.', 911, 9, 5, '2018-11-21 17:04:22', '2018-11-21 17:04:22'),
(45, 'doloremque', 'Perspiciatis laboriosam placeat sint cumque placeat assumenda. Eaque quod incidunt accusamus blanditiis. Non laudantium eos ab fugit. Dolor mollitia hic recusandae ab et.', 833, 7, 13, '2018-11-21 17:04:22', '2018-11-21 17:04:22'),
(46, 'aut', 'Cumque reprehenderit ea similique et expedita. Ut sed veritatis occaecati molestiae eveniet velit deleniti. Est laudantium et illum placeat commodi placeat.', 458, 6, 10, '2018-11-21 17:04:22', '2018-11-21 17:04:22'),
(47, 'alias', 'Deserunt est sed necessitatibus in tempora sint atque. Et sint maiores pariatur omnis. Aliquid ut corporis quibusdam et et iusto aperiam. Quaerat enim omnis cum cumque.', 582, 1, 6, '2018-11-21 17:04:22', '2018-11-21 17:04:22'),
(48, 'eum', 'Earum in rerum aut omnis quisquam omnis tempora quae. Autem quas aut eius voluptatem. Esse placeat non error nulla doloribus numquam et.', 727, 4, 16, '2018-11-21 17:04:22', '2018-11-21 17:04:22'),
(49, 'est', 'Pariatur dolorem totam dolor id quam adipisci id. Voluptatem id ipsum sit ullam ullam consequuntur. Dolorem aspernatur molestias omnis esse amet. Itaque corporis fugit laborum quos.', 837, 1, 11, '2018-11-21 17:04:22', '2018-11-21 17:04:22'),
(50, 'expedita', 'Molestiae tenetur optio unde velit rerum. Deleniti similique cumque tenetur tenetur aut. Voluptatem itaque aut suscipit et totam corrupti hic enim. Necessitatibus nemo debitis est et aut.', 811, 5, 17, '2018-11-21 17:04:22', '2018-11-21 17:04:22'),
(51, 'numquam', 'Sit voluptatem sunt sed odit consequatur. Velit quos error iusto reprehenderit. Doloremque et rerum aliquid aut qui. Maiores earum dolores quidem sed exercitationem maiores.', 510, 9, 30, '2018-11-21 17:05:24', '2018-11-21 17:05:24'),
(52, 'eligendi', 'Est aspernatur molestiae unde. Occaecati provident quia quis ex fugiat et aut. Qui id qui dolor ratione quia omnis est. Eos est nobis est voluptatem. Labore dolor ratione et praesentium architecto nam.', 103, 5, 30, '2018-11-21 17:05:24', '2018-11-21 17:05:24'),
(53, 'repellendus', 'Ipsam est accusamus repellendus voluptatum numquam. Aperiam sint numquam est est voluptas. Eveniet qui nihil atque perspiciatis sit. Veritatis itaque ratione nobis expedita. Similique eveniet eaque eligendi vero error est.', 226, 6, 14, '2018-11-21 17:05:25', '2018-11-21 17:05:25'),
(54, 'architecto', 'Ipsum velit magni distinctio iure hic non nulla. Saepe provident et suscipit non blanditiis eos.', 472, 3, 17, '2018-11-21 17:05:25', '2018-11-21 17:05:25'),
(55, 'veritatis', 'Sint hic mollitia et voluptatem perferendis nihil pariatur vero. Eaque mollitia facilis numquam neque quod labore dolorum et. Quis fugit nisi debitis aut ut. Quisquam molestiae sed earum id molestias.', 156, 5, 30, '2018-11-21 17:05:25', '2018-11-21 17:05:25'),
(56, 'rerum', 'Nihil non sint in aspernatur sed distinctio. Aliquam assumenda cumque molestiae rerum quia ad unde. Deleniti facere et quos excepturi dolorem perspiciatis voluptas.', 360, 5, 8, '2018-11-21 17:05:25', '2018-11-21 17:05:25'),
(57, 'eius', 'Tempora aliquam cupiditate voluptates aut. Quo incidunt non ut ut. Quia est et debitis adipisci adipisci. Ab qui quia veritatis optio voluptatem praesentium.', 368, 1, 9, '2018-11-21 17:05:25', '2018-11-21 17:05:25'),
(58, 'perferendis', 'Autem sunt aut ratione voluptas aut ipsa explicabo. Temporibus similique tempora quis aut. Repudiandae quia distinctio at. Aut nisi aperiam nam ab autem minus.', 920, 0, 15, '2018-11-21 17:05:25', '2018-11-21 17:05:25'),
(59, 'hic', 'Nostrum voluptatum rerum quis placeat pariatur rem saepe. Harum enim ut sit accusamus nihil veniam. Rerum est laboriosam optio numquam nihil. Eos odit numquam quisquam.', 676, 0, 9, '2018-11-21 17:05:25', '2018-11-21 17:05:25'),
(60, 'minus', 'Repudiandae et doloribus asperiores cupiditate saepe quisquam nostrum. Beatae qui eos nemo et et qui. Sit nobis sit voluptatem mollitia dolor voluptatum.', 200, 8, 21, '2018-11-21 17:05:25', '2018-11-21 17:05:25'),
(61, 'rerum', 'Reiciendis est aperiam eum reprehenderit impedit fugiat et. Magnam fugiat aut quae sint et. Corrupti corrupti et enim explicabo. Alias laborum doloremque minima architecto ut quia occaecati.', 592, 2, 28, '2018-11-21 17:05:25', '2018-11-21 17:05:25'),
(62, 'voluptas', 'Et nobis esse ullam rerum eum. Nihil quae quae in esse repudiandae. Molestiae qui odit accusantium animi dicta reprehenderit.', 797, 3, 25, '2018-11-21 17:05:25', '2018-11-21 17:05:25'),
(63, 'nemo', 'Voluptate enim placeat deleniti. Cumque eius porro id recusandae accusamus quibusdam occaecati. Eos eius culpa perspiciatis occaecati ut alias amet. Et suscipit debitis inventore nam quis asperiores.', 214, 5, 9, '2018-11-21 17:05:25', '2018-11-21 17:05:25'),
(64, 'aliquid', 'Soluta in voluptas quasi et quidem itaque esse cum. Consequatur sequi sint explicabo odio quidem dolorum debitis. Quidem et eos suscipit est ratione neque esse dolore. Nesciunt corporis nam a fugit eum.', 408, 8, 3, '2018-11-21 17:05:25', '2018-11-21 17:05:25'),
(65, 'pariatur', 'In illum magnam quos eum. Quo blanditiis aspernatur nobis numquam. Eos et ex animi tenetur.', 135, 2, 12, '2018-11-21 17:05:25', '2018-11-21 17:05:25'),
(66, 'doloribus', 'Cumque architecto fugiat saepe quia adipisci. Qui distinctio omnis laborum consectetur fuga voluptatem. Assumenda natus eveniet et deserunt. Et tenetur suscipit eos molestiae accusamus excepturi repudiandae. Aut tenetur quia natus aut non.', 418, 9, 21, '2018-11-21 17:05:25', '2018-11-21 17:05:25'),
(67, 'minus', 'Qui ipsa voluptas numquam nobis vero deserunt. Velit quo minima iste tenetur ipsam et saepe sed. Beatae nulla error ea.', 396, 6, 16, '2018-11-21 17:05:25', '2018-11-21 17:05:25'),
(68, 'rerum', 'Vitae sed nihil magni dignissimos ullam pariatur dolorem. Accusantium nesciunt est fugit recusandae totam consectetur qui quibusdam. Omnis harum impedit aperiam et quibusdam. Dolores ipsum vero et consequatur sint eaque.', 867, 8, 17, '2018-11-21 17:05:25', '2018-11-21 17:05:25'),
(69, 'reiciendis', 'Dolorum delectus illo optio neque quis facere dolor perferendis. Numquam eligendi ipsa illo non velit aut. Voluptatum iste laudantium unde qui aliquid repellendus dolores.', 741, 5, 10, '2018-11-21 17:05:25', '2018-11-21 17:05:25'),
(70, 'eos', 'Deserunt omnis in asperiores incidunt dicta enim voluptatum et. Aperiam exercitationem molestias natus aut nemo. Sapiente ut ut est similique perferendis dignissimos et.', 674, 9, 14, '2018-11-21 17:05:25', '2018-11-21 17:05:25'),
(71, 'magnam', 'Hic totam in necessitatibus et harum non. Dolores aliquam sequi beatae eveniet eos. Quae cupiditate beatae quis mollitia suscipit.', 140, 8, 15, '2018-11-21 17:05:25', '2018-11-21 17:05:25'),
(72, 'non', 'In aut ipsum ab laborum voluptatibus repellat. Qui in id architecto exercitationem. Neque quod ea sequi recusandae. Distinctio nesciunt officiis omnis at quo quae.', 957, 0, 25, '2018-11-21 17:05:25', '2018-11-21 17:05:25'),
(73, 'dolorem', 'Ex et voluptatibus qui ut. Repudiandae maxime praesentium eos repellendus aliquid. Ab porro unde est.', 710, 4, 27, '2018-11-21 17:05:25', '2018-11-21 17:05:25'),
(74, 'nihil', 'Ut incidunt necessitatibus consequatur omnis dolor rerum dolorem. Est vitae odit consequatur aut facere minus. Deserunt repellendus quo ad ipsum minima eos sint.', 564, 9, 8, '2018-11-21 17:05:25', '2018-11-21 17:05:25'),
(75, 'a', 'Nam in non qui minus omnis quo. Repellat et nemo velit aut distinctio in eaque et. Sapiente eum voluptas nulla ea ipsa iste mollitia.', 277, 2, 12, '2018-11-21 17:05:25', '2018-11-21 17:05:25'),
(76, 'saepe', 'Saepe voluptates magni voluptatem eaque autem. Dolor quisquam ratione autem enim sit assumenda expedita. Totam neque ratione voluptatibus corrupti ut ut consequatur velit.', 953, 1, 26, '2018-11-21 17:05:25', '2018-11-21 17:05:25'),
(77, 'eius', 'Enim fugit saepe dolor numquam explicabo. Impedit blanditiis iure ut expedita hic voluptatem eaque. Aut repellat aut ad nulla. Eum aut porro vel dolorum. Praesentium sit tenetur consequatur iure nobis.', 433, 1, 21, '2018-11-21 17:05:25', '2018-11-21 17:05:25'),
(78, 'fuga', 'Voluptates in alias doloribus consequatur dolorem officiis ipsa. Earum pariatur id alias. Et delectus asperiores iusto.', 891, 8, 10, '2018-11-21 17:05:25', '2018-11-21 17:05:25'),
(79, 'eligendi', 'Aut quo quasi in odio. Dignissimos iure eaque natus consequatur nam. Esse optio eius placeat aperiam et est.', 727, 6, 13, '2018-11-21 17:05:25', '2018-11-21 17:05:25'),
(80, 'libero', 'Aliquid est consequuntur perferendis voluptas non quae voluptatem. Amet rerum laudantium illo voluptatem. Voluptas veritatis corporis nihil in. Labore nemo ut illo suscipit. Non blanditiis molestias repellendus quia.', 237, 6, 28, '2018-11-21 17:05:25', '2018-11-21 17:05:25'),
(81, 'sunt', 'Accusantium non exercitationem in omnis nam. Accusamus quam esse dolor molestiae officiis. Fugiat eveniet aut laboriosam voluptas molestias. Et sunt id et.', 986, 0, 2, '2018-11-21 17:05:25', '2018-11-21 17:05:25'),
(82, 'eos', 'Quibusdam animi sunt est impedit voluptas vel. Omnis ducimus quisquam et illo. Voluptas perferendis voluptas voluptatem dolorum.', 800, 0, 12, '2018-11-21 17:05:25', '2018-11-21 17:05:25'),
(83, 'quasi', 'Itaque commodi praesentium autem repudiandae magni cumque magnam. Neque exercitationem inventore voluptas eos dolor neque saepe quam. Qui velit consequuntur sequi voluptatem dolores veniam.', 556, 0, 21, '2018-11-21 17:05:25', '2018-11-21 17:05:25'),
(84, 'omnis', 'Iste eveniet blanditiis nihil accusamus veritatis. Ipsam consequatur officiis voluptas dolores explicabo quo totam. Assumenda quo dolorem cupiditate in. Quia sunt corrupti praesentium sit fuga impedit.', 201, 0, 30, '2018-11-21 17:05:25', '2018-11-21 17:05:25'),
(85, 'ut', 'Et maiores et voluptas eius placeat quis voluptatum. Nemo aut et omnis iusto consequatur quae provident. Velit dolorum quo laboriosam labore et non.', 782, 5, 11, '2018-11-21 17:05:25', '2018-11-21 17:05:25'),
(86, 'et', 'Deleniti quibusdam quis ratione tenetur. Similique voluptatem aut nam rerum adipisci itaque deserunt. Tempore illum et non et aliquid blanditiis provident.', 850, 8, 28, '2018-11-21 17:05:25', '2018-11-21 17:05:25'),
(87, 'doloremque', 'Occaecati maxime voluptatem incidunt et. Suscipit beatae aperiam officia mollitia in non. Sit aspernatur doloribus illum. Expedita in et rerum sequi adipisci quae id.', 107, 2, 26, '2018-11-21 17:05:25', '2018-11-21 17:05:25'),
(88, 'temporibus', 'Exercitationem quod enim consectetur officiis et cumque et. Qui enim veniam excepturi. Est unde quos tempore illo qui. Beatae fuga qui nulla vitae et minima magni odio.', 823, 9, 6, '2018-11-21 17:05:25', '2018-11-21 17:05:25'),
(89, 'sunt', 'Voluptate officiis assumenda quas enim. Quo aperiam est aspernatur laboriosam eos aliquid. Earum a consequatur et accusantium ut aut magni. Alias tenetur laborum mollitia blanditiis odio dolores.', 679, 7, 21, '2018-11-21 17:05:25', '2018-11-21 17:05:25'),
(90, 'enim', 'Rerum hic sapiente sequi ad. Sed molestiae consequuntur facilis voluptatum. Optio laboriosam officia sint quae. Et rem odio cupiditate vel dicta repellat veritatis. Reiciendis sed neque pariatur eaque.', 386, 6, 2, '2018-11-21 17:05:25', '2018-11-21 17:05:25'),
(91, 'id', 'Placeat totam ut impedit consequatur dolorum rerum libero. Repellat unde eos molestiae laboriosam cumque. In consequatur dolorem animi ea quos deleniti voluptates asperiores.', 356, 9, 15, '2018-11-21 17:05:25', '2018-11-21 17:05:25'),
(92, 'corporis', 'Ut quia praesentium fugiat voluptatem. Odit iste debitis eaque dignissimos. Consequatur autem consequatur consequatur voluptatem est quo perferendis vel. Consequatur mollitia atque et natus sint.', 915, 9, 18, '2018-11-21 17:05:26', '2018-11-21 17:05:26'),
(93, 'ipsam', 'Nulla tempora esse quibusdam sapiente quia placeat repudiandae repellendus. Modi libero rem natus id harum. Est aliquid iure quasi vero.', 589, 8, 30, '2018-11-21 17:05:26', '2018-11-21 17:05:26'),
(94, 'facere', 'Libero dolor rerum omnis est repellendus dolores qui. Quis asperiores non quis temporibus. Fuga suscipit excepturi cupiditate sint. Quod sed sint voluptatem temporibus dolorem qui consequatur.', 954, 0, 6, '2018-11-21 17:05:26', '2018-11-21 17:05:26'),
(95, 'ut', 'Et odit aspernatur delectus aut ut. Aut incidunt voluptas officia quo. Eveniet nam ea modi sit. Ducimus eius esse quidem hic qui deleniti facere temporibus.', 627, 0, 2, '2018-11-21 17:05:26', '2018-11-21 17:05:26'),
(96, 'non', 'Laudantium dolore similique minus deleniti consequatur quia aspernatur expedita. Doloremque adipisci inventore enim perferendis rem earum qui. Assumenda deserunt nesciunt non laborum voluptatem. Omnis exercitationem soluta laboriosam quia maiores repellendus sunt ut.', 361, 6, 7, '2018-11-21 17:05:26', '2018-11-21 17:05:26'),
(97, 'dolor', 'Excepturi earum illo sit dolor voluptatem id est. Quod voluptatem maiores consequatur sapiente ut. Unde dignissimos est eum quibusdam vero quas rem. Ducimus id et quidem et et.', 127, 8, 9, '2018-11-21 17:05:26', '2018-11-21 17:05:26'),
(98, 'nam', 'Odio quis possimus aut molestias qui eum. Ipsa ab sit dolore et. Voluptas sit et voluptates consequatur non.', 988, 3, 14, '2018-11-21 17:05:26', '2018-11-21 17:05:26'),
(99, 'est', 'Repellat commodi fugit tempore. Ex odio reprehenderit non est esse et explicabo cupiditate. Ipsa velit autem a accusamus amet facilis. Similique dolores iste nihil est et expedita ut.', 173, 5, 19, '2018-11-21 17:05:26', '2018-11-21 17:05:26'),
(100, 'libero', 'Incidunt id impedit est fugit dolorem et. Ut hic impedit necessitatibus est facilis nam fugit. Illum quis et dolor consequatur aut qui id.', 958, 0, 13, '2018-11-21 17:05:26', '2018-11-21 17:05:26');

-- --------------------------------------------------------

--
-- Estructura de tabla para la tabla `reviews`
--

CREATE TABLE `reviews` (
  `id` int(10) UNSIGNED NOT NULL,
  `product_id` int(10) UNSIGNED NOT NULL,
  `customer` varchar(191) COLLATE utf8mb4_unicode_ci NOT NULL,
  `review` text COLLATE utf8mb4_unicode_ci NOT NULL,
  `star` int(11) NOT NULL,
  `created_at` timestamp NULL DEFAULT NULL,
  `updated_at` timestamp NULL DEFAULT NULL
) ENGINE=InnoDB DEFAULT CHARSET=utf8mb4 COLLATE=utf8mb4_unicode_ci;

--
-- Volcado de datos para la tabla `reviews`
--

INSERT INTO `reviews` (`id`, `product_id`, `customer`, `review`, `star`, `created_at`, `updated_at`) VALUES
(1, 4, 'Jailyn Dach', 'Dolor ea non dolorem magnam cum qui totam vel. Qui recusandae rem placeat sit omnis.', 2, '2018-11-21 17:05:28', '2018-11-21 17:05:28'),
(2, 51, 'Mr. Sage Aufderhar', 'Itaque sit corporis iure rerum earum voluptatem dicta. In qui ratione numquam perferendis corporis. Expedita ad accusamus inventore et incidunt. Facere eveniet ut temporibus.', 3, '2018-11-21 17:05:28', '2018-11-21 17:05:28'),
(3, 9, 'Elizabeth Stokes', 'Earum consectetur ut quam dolore rem autem. Et mollitia exercitationem ut perspiciatis.', 4, '2018-11-21 17:05:28', '2018-11-21 17:05:28'),
(4, 42, 'Angelina Schmidt', 'Velit dolorum nemo cum eum optio. Ut consectetur officiis enim. Porro atque recusandae eveniet omnis autem quis fugiat. Qui odio mollitia consequuntur voluptas laborum blanditiis.', 3, '2018-11-21 17:05:28', '2018-11-21 17:05:28'),
(5, 77, 'Dora McClure II', 'Eum cum qui consequuntur accusamus aut aut et et. Voluptatum neque temporibus molestiae sapiente. Quia in a eius aliquid repellat.', 3, '2018-11-21 17:05:28', '2018-11-21 17:05:28'),
(6, 76, 'Rhea Swaniawski', 'Quibusdam qui et voluptas pariatur excepturi ad. Recusandae assumenda hic voluptate sit. Rem maiores magni tempore ratione labore ut cum.', 0, '2018-11-21 17:05:28', '2018-11-21 17:05:28'),
(7, 48, 'Ron McCullough', 'Aut et quibusdam veritatis temporibus voluptatem. Velit minus eum et qui. Et est dolores ut dignissimos. Facilis voluptate sint est dolorum ex iste. Praesentium sit suscipit quis dolorem.', 1, '2018-11-21 17:05:28', '2018-11-21 17:05:28'),
(8, 29, 'Mr. Frederik Weissnat', 'Et corporis aspernatur distinctio quod. Sit dolores mollitia dolorem pariatur ipsam dolorem occaecati. Deleniti illum et quae maxime asperiores nostrum. Exercitationem qui repudiandae ratione vel omnis quaerat incidunt.', 1, '2018-11-21 17:05:28', '2018-11-21 17:05:28'),
(9, 50, 'Olin O\'Conner', 'Quam culpa reprehenderit ab voluptate. Veritatis omnis consequuntur ut nulla et beatae nam voluptate. Nemo aut eum ipsum officiis aut ad fugit.', 3, '2018-11-21 17:05:28', '2018-11-21 17:05:28'),
(10, 27, 'Miss Lura Considine', 'Dolores placeat ut nemo qui ut suscipit. Molestias est repellat sunt. Consectetur laudantium eos atque velit soluta. Id eum illum qui soluta ducimus et accusantium delectus.', 3, '2018-11-21 17:05:28', '2018-11-21 17:05:28'),
(11, 97, 'Miss Euna Sanford', 'Voluptatem veritatis quis facere nihil. Ut et non aut id magni. Omnis temporibus necessitatibus deserunt reiciendis tempore accusamus.', 2, '2018-11-21 17:05:28', '2018-11-21 17:05:28'),
(12, 25, 'Miss Frances Bailey', 'Non est modi et mollitia. Consequuntur eum est consequatur dolores qui veritatis vitae iste. Illum aut aliquid illo voluptatum alias fugit. Quisquam aperiam eveniet aut eum.', 0, '2018-11-21 17:05:28', '2018-11-21 17:05:28'),
(13, 78, 'Mrs. Marian Kunde I', 'Nesciunt neque repellendus qui odit accusamus delectus et quod. Dolores tempore quod consectetur itaque laboriosam. Et autem consequatur laudantium hic. Eius occaecati porro quasi qui ex voluptas tempore.', 0, '2018-11-21 17:05:28', '2018-11-21 17:05:28'),
(14, 5, 'Ronaldo Treutel', 'Laboriosam voluptatem voluptatibus quisquam dolores repellat. Praesentium et dignissimos quisquam eius explicabo distinctio. Debitis reiciendis quia eius quo eos. Assumenda at fuga eligendi sit ab dolorum dolor.', 5, '2018-11-21 17:05:28', '2018-11-21 17:05:28'),
(15, 94, 'Llewellyn Torphy', 'Omnis minima ut beatae voluptatem similique. Illum veritatis fugiat est. Sequi nesciunt totam voluptas veritatis. Voluptate alias pariatur in est.', 4, '2018-11-21 17:05:28', '2018-11-21 17:05:28'),
(16, 77, 'Odessa Bosco', 'Laboriosam corrupti culpa quod atque hic. Reiciendis architecto quidem voluptas eos et et. Voluptatem perferendis nemo doloribus eveniet ut accusamus.', 2, '2018-11-21 17:05:29', '2018-11-21 17:05:29'),
(17, 84, 'Prof. Linda Rohan', 'Voluptas a ut aspernatur maiores eos eveniet. Accusamus quibusdam saepe modi maxime optio dolorem. Deleniti dicta assumenda omnis possimus veniam nihil. Veritatis quasi tenetur aliquam tempora quaerat et.', 2, '2018-11-21 17:05:29', '2018-11-21 17:05:29'),
(18, 21, 'Bettye Dickinson', 'Molestias dolor nemo neque quis porro. Nobis velit est nihil. Dolores necessitatibus iusto est quisquam. Sit incidunt dolores rerum sit vitae.', 4, '2018-11-21 17:05:29', '2018-11-21 17:05:29'),
(19, 43, 'Prof. Kendrick Hegmann DVM', 'Incidunt eum enim sit soluta deserunt. Laborum earum eveniet quas suscipit. Sit quisquam autem officia illum. Praesentium possimus et et culpa eos voluptatem. Omnis iste ipsa quia architecto similique quia aut.', 4, '2018-11-21 17:05:29', '2018-11-21 17:05:29'),
(20, 93, 'Mrs. Aileen Jacobson PhD', 'Officiis saepe dolores voluptates in sit aspernatur. Modi occaecati quibusdam maiores repellat cumque voluptas laborum consequatur. Dolores cumque dolores sunt ut vel sunt. Rerum nisi quod suscipit velit.', 4, '2018-11-21 17:05:29', '2018-11-21 17:05:29'),
(21, 88, 'Prof. Hayley Marks Jr.', 'Dolores aut voluptatum quo rerum laboriosam. Sit tenetur qui quidem est. Hic dolorum adipisci officia magnam qui. Sint perferendis ut adipisci porro neque.', 4, '2018-11-21 17:05:29', '2018-11-21 17:05:29'),
(22, 22, 'Lilian Erdman', 'Maxime nulla nulla vel quasi. Dolor consectetur et ipsam aliquam. Est dolor recusandae vel dolores molestiae odit quia.', 5, '2018-11-21 17:05:29', '2018-11-21 17:05:29'),
(23, 39, 'Leanna Dicki', 'Labore perferendis accusamus consequatur rerum. Saepe voluptas ex atque dolor.', 3, '2018-11-21 17:05:29', '2018-11-21 17:05:29'),
(24, 94, 'Verda Ratke', 'Libero molestiae perferendis est sequi dolorem. Sapiente rerum accusantium vel a ut commodi quos. Commodi labore qui eos sed.', 5, '2018-11-21 17:05:29', '2018-11-21 17:05:29'),
(25, 38, 'Lindsay Kilback', 'Itaque aut eos ut maxime. Est consequatur inventore rem. Nobis omnis voluptatem et magnam sint. Natus sint placeat et et.', 3, '2018-11-21 17:05:29', '2018-11-21 17:05:29'),
(26, 67, 'Mr. Dax Gulgowski', 'Similique rem quia dolor magni. Est officia dolores dolores aut. Veritatis ab pariatur et ut in. At provident minima hic aut impedit accusamus voluptas et.', 0, '2018-11-21 17:05:29', '2018-11-21 17:05:29'),
(27, 44, 'Prof. Russell Terry', 'Repellat aliquid voluptatum vero quod. Nulla molestias consequuntur doloremque ipsum assumenda. Culpa eligendi repudiandae optio dolorem consequuntur.', 2, '2018-11-21 17:05:29', '2018-11-21 17:05:29'),
(28, 57, 'Allan Ward', 'Mollitia omnis enim veritatis ea. Quidem enim vitae nobis vel tempora voluptates. Esse quaerat facilis odit ut.', 3, '2018-11-21 17:05:29', '2018-11-21 17:05:29'),
(29, 26, 'Burnice Jones DDS', 'Facere aut recusandae expedita modi ut. Odio enim laboriosam est quidem esse eius. Perferendis error non excepturi ipsa.', 4, '2018-11-21 17:05:29', '2018-11-21 17:05:29'),
(30, 40, 'Aubrey Hessel', 'Corporis et vel sequi non cupiditate nisi. Voluptatem nihil explicabo ipsam provident. Fuga quos molestiae est optio ab maxime dolorem qui.', 2, '2018-11-21 17:05:29', '2018-11-21 17:05:29'),
(31, 75, 'Kiera Johnston', 'Pariatur quod aut aut totam. Corporis natus quia sint esse. Inventore beatae similique amet ducimus et.', 0, '2018-11-21 17:05:29', '2018-11-21 17:05:29'),
(32, 26, 'Modesto Pouros', 'Beatae consectetur incidunt qui veritatis est ullam voluptas. Assumenda excepturi voluptatum voluptatem saepe. Facilis ut sint non ea reprehenderit quidem eius omnis. Iure pariatur itaque et sapiente hic est.', 5, '2018-11-21 17:05:29', '2018-11-21 17:05:29'),
(33, 29, 'Damion Fisher', 'Est quia animi dicta. Dolores qui quod aliquid labore repellendus voluptatibus.', 3, '2018-11-21 17:05:29', '2018-11-21 17:05:29'),
(34, 38, 'Prof. Roosevelt Wisozk PhD', 'Ipsam illum vel sit quisquam blanditiis cumque nulla. Distinctio cumque quae ad quisquam. Ea fugiat quibusdam reprehenderit maiores nobis quas molestiae. Cum assumenda exercitationem et placeat. Non quidem non sed laborum vel.', 3, '2018-11-21 17:05:29', '2018-11-21 17:05:29'),
(35, 58, 'Favian Bernhard', 'Fuga nemo voluptate eos in aliquam accusamus non. Quidem deleniti sapiente architecto vitae corrupti. Excepturi maiores voluptates sed id saepe sed consequatur.', 0, '2018-11-21 17:05:29', '2018-11-21 17:05:29'),
(36, 15, 'Hobart Oberbrunner', 'Qui in sit illo sapiente nulla. Laborum aut reprehenderit reiciendis maxime eum. Consequatur tempora voluptatem necessitatibus sint sed dignissimos. Consequatur ut aliquid est consectetur.', 4, '2018-11-21 17:05:29', '2018-11-21 17:05:29'),
(37, 94, 'Reagan Kilback', 'Id inventore qui perspiciatis qui. Sit beatae quod minima esse in libero inventore. Perferendis quaerat mollitia placeat veniam repellendus. Maxime sint alias officia quia aperiam.', 5, '2018-11-21 17:05:29', '2018-11-21 17:05:29'),
(38, 34, 'Shanon Nienow', 'Omnis nulla explicabo fugiat quia dolores dignissimos. Dicta recusandae odio et dignissimos. Consectetur et magnam similique illum harum itaque et.', 1, '2018-11-21 17:05:29', '2018-11-21 17:05:29'),
(39, 21, 'Mrs. Eva Monahan IV', 'Voluptas vel quia cupiditate omnis fugiat. Qui non quos tempora dolorum consequuntur voluptas enim.', 3, '2018-11-21 17:05:29', '2018-11-21 17:05:29'),
(40, 79, 'Marcel Borer', 'Autem sit dolores quo aspernatur nemo sed ut. Enim modi et qui. Cumque quia magnam aut odio exercitationem. Temporibus praesentium deserunt suscipit illo veniam fugit.', 1, '2018-11-21 17:05:29', '2018-11-21 17:05:29'),
(41, 43, 'Aleen Lockman', 'Excepturi consequuntur sunt est libero aut. Ut deleniti vitae ducimus sed. Eum at nisi voluptas qui omnis earum dolore eum. Non et velit voluptatem maxime.', 3, '2018-11-21 17:05:29', '2018-11-21 17:05:29'),
(42, 61, 'Mrs. Dayana Tillman PhD', 'Veritatis distinctio iste qui sapiente. Est sint animi blanditiis ut ipsam aut officia.', 4, '2018-11-21 17:05:29', '2018-11-21 17:05:29'),
(43, 92, 'Prof. Audreanne Corwin', 'Est sapiente explicabo ut est cupiditate voluptate dolores. Sapiente sapiente iusto assumenda laudantium sed officiis debitis. Quia at voluptatem voluptatem ut sapiente est.', 0, '2018-11-21 17:05:29', '2018-11-21 17:05:29'),
(44, 69, 'Ms. Alivia Hudson', 'Qui nihil hic non fugiat ut fuga. Maxime explicabo eaque vitae sit nisi quisquam totam. Totam et consequuntur similique iste sunt. Voluptate nihil accusantium vitae laborum odit. Sunt magnam sed ipsam sit.', 2, '2018-11-21 17:05:29', '2018-11-21 17:05:29'),
(45, 38, 'Ms. Gwendolyn Glover MD', 'Hic optio rem accusamus eius. Sed asperiores sit ad. Voluptatibus voluptates et labore eos enim ratione nihil.', 2, '2018-11-21 17:05:29', '2018-11-21 17:05:29'),
(46, 57, 'Cristian Johns', 'Voluptatem nobis quia quia rerum ea aut sint qui. Dolor debitis delectus corrupti cupiditate eius adipisci. Quia ut odio animi rem excepturi voluptatem vitae perspiciatis.', 1, '2018-11-21 17:05:29', '2018-11-21 17:05:29'),
(47, 46, 'Caterina Gorczany', 'Repellendus maiores consequatur voluptates. Quidem et molestiae ut nemo neque et.', 5, '2018-11-21 17:05:29', '2018-11-21 17:05:29'),
(48, 94, 'Justen Jerde', 'Expedita accusantium qui voluptas eos sit omnis. Omnis non dolore non ipsa ut exercitationem. Dolore ea aperiam labore voluptatem non quos.', 5, '2018-11-21 17:05:29', '2018-11-21 17:05:29'),
(49, 83, 'Ludie Bode', 'Molestiae nam cum ut ipsam et. Quis molestiae beatae dolor qui mollitia. Consectetur voluptatem ab ab qui ut consequatur eius. Dolorum officiis consequatur non dignissimos animi.', 3, '2018-11-21 17:05:29', '2018-11-21 17:05:29'),
(50, 96, 'Mr. Rosendo Hudson', 'Praesentium qui asperiores facere at perspiciatis. Ad error aperiam esse. Eveniet reprehenderit officiis dolorum nesciunt est.', 0, '2018-11-21 17:05:29', '2018-11-21 17:05:29'),
(51, 82, 'Kelley Dach', 'Expedita sint dolores cum cupiditate nesciunt architecto voluptatem. Error corporis quam natus natus enim sed eaque. Maxime vel eum cumque qui in nemo omnis. Assumenda quis atque nam recusandae ullam qui ipsa.', 5, '2018-11-21 17:05:29', '2018-11-21 17:05:29'),
(52, 19, 'Dallas Stehr', 'Aut aut repudiandae quo eaque rerum perferendis ex. Praesentium et porro delectus debitis quas voluptatem itaque. Cupiditate fuga incidunt quis cumque a non quia.', 2, '2018-11-21 17:05:29', '2018-11-21 17:05:29'),
(53, 78, 'Catalina Zulauf', 'Quo nam natus voluptas illum. Neque quas quia alias nostrum non natus. Non temporibus soluta repellat cumque iste.', 3, '2018-11-21 17:05:29', '2018-11-21 17:05:29'),
(54, 64, 'Keaton Turner', 'Blanditiis voluptas corporis sint possimus earum numquam fugit. Autem autem sit enim iure. Eveniet et natus et velit.', 2, '2018-11-21 17:05:29', '2018-11-21 17:05:29'),
(55, 34, 'Ida Beier', 'Iste vero quam nesciunt et. Assumenda culpa velit eius. Omnis doloremque aliquam natus velit ratione.', 4, '2018-11-21 17:05:29', '2018-11-21 17:05:29'),
(56, 16, 'Valentina Lakin DVM', 'Est vero eaque qui voluptatum quaerat eaque. Est id dolor qui et nihil totam qui. Enim mollitia error et recusandae sed soluta ut.', 4, '2018-11-21 17:05:30', '2018-11-21 17:05:30'),
(57, 11, 'Mrs. Ursula Streich', 'Rerum et voluptatem similique aut dolores voluptatibus. Eos nam magni velit. Cumque accusantium nulla et ipsa et ipsa explicabo in. Aliquam explicabo alias eligendi architecto unde reprehenderit.', 1, '2018-11-21 17:05:30', '2018-11-21 17:05:30'),
(58, 33, 'Kurtis Leannon', 'Fugiat et repellat velit sint doloremque aut aut. Eos molestiae ex ipsum qui enim. Est ut similique est. Provident quaerat exercitationem quasi omnis vero.', 0, '2018-11-21 17:05:30', '2018-11-21 17:05:30'),
(59, 2, 'Dr. Isobel Howell', 'Quidem eligendi voluptatem suscipit aut. Eos recusandae doloribus molestiae qui molestiae expedita. Dolore dolore eos cum voluptatem aut odit laudantium. Autem labore natus explicabo expedita. Optio atque et aut est.', 1, '2018-11-21 17:05:30', '2018-11-21 17:05:30'),
(60, 98, 'Loyal Luettgen', 'Eum nihil veritatis aperiam praesentium. Sapiente sed autem ut ipsa minima explicabo. Dolores laudantium sit vel distinctio quo modi pariatur soluta. Ex voluptas soluta consequatur est. Qui consequatur debitis dolore accusantium beatae facere.', 2, '2018-11-21 17:05:30', '2018-11-21 17:05:30'),
(61, 11, 'Ardella Reynolds', 'Dolorem quaerat voluptatem recusandae totam et. Nam qui explicabo quaerat ut earum natus. Voluptatibus dolore quod dolores quisquam eius architecto velit consectetur. Nihil est quo nobis ut iure eaque nostrum.', 0, '2018-11-21 17:05:30', '2018-11-21 17:05:30'),
(62, 20, 'Seth Wiza DDS', 'Consequatur quaerat voluptatibus sit aut totam omnis voluptas dolores. Quia aut ipsum quae deserunt ut cumque quidem. Odit incidunt officiis animi accusamus odit laborum.', 1, '2018-11-21 17:05:30', '2018-11-21 17:05:30'),
(63, 29, 'Mohamed Bartoletti', 'Magnam et dolorem magni explicabo et perspiciatis. Perferendis quisquam eligendi rerum rem dolores qui magnam. Consectetur cum iure officiis ut sit voluptates. Ipsa voluptate sit sunt quia et sit.', 4, '2018-11-21 17:05:30', '2018-11-21 17:05:30'),
(64, 39, 'Dr. Royce Mraz Jr.', 'Vitae sit necessitatibus laudantium inventore incidunt. Voluptas soluta voluptas et veniam itaque ullam et. Possimus omnis rerum qui sed asperiores dolorem. Non dolorum animi molestiae. Tempora est enim modi nostrum dolores ut ipsam cupiditate.', 4, '2018-11-21 17:05:30', '2018-11-21 17:05:30'),
(65, 42, 'Prof. Emile Leannon PhD', 'Harum voluptatem velit perspiciatis. Vitae ea consequatur quas cum. Possimus ea est ea quis in ratione magnam.', 1, '2018-11-21 17:05:30', '2018-11-21 17:05:30'),
(66, 1, 'Prof. Zoey Armstrong', 'Ab ut quod aperiam beatae nobis. Rerum velit aut ab animi rem. Nobis consequuntur est dolorum quis.', 4, '2018-11-21 17:05:30', '2018-11-21 17:05:30'),
(67, 62, 'Mervin Kuhn', 'Corrupti autem corporis ducimus architecto magni. Quis architecto ipsam consectetur rerum et quam.', 3, '2018-11-21 17:05:30', '2018-11-21 17:05:30'),
(68, 40, 'Prof. Rene Morissette II', 'Odio vitae non enim placeat maiores iure ut. Eum quo et praesentium at at. Sunt nihil dolores reprehenderit.', 5, '2018-11-21 17:05:30', '2018-11-21 17:05:30'),
(69, 70, 'Prof. Melvina Mertz PhD', 'Assumenda corrupti voluptatem asperiores atque aspernatur. Aspernatur mollitia velit architecto aliquam rem. Rem nam doloribus ut qui consequatur porro aut ut. Quos laborum voluptatem tempora aut voluptates est ullam.', 5, '2018-11-21 17:05:30', '2018-11-21 17:05:30'),
(70, 84, 'Lee Hand', 'Non sint et sit fuga. At neque voluptatem voluptatem maxime consequatur reprehenderit. Adipisci qui maxime voluptas sit eum. Reprehenderit aspernatur praesentium et et cupiditate sed aliquid.', 5, '2018-11-21 17:05:30', '2018-11-21 17:05:30'),
(71, 37, 'Anne Dare PhD', 'Et at dignissimos amet atque voluptatem quidem et. Accusamus dolor voluptatem fugit assumenda. Voluptatem itaque tempore excepturi aut quaerat excepturi. Quam doloribus tempore corrupti minus dolores reprehenderit.', 2, '2018-11-21 17:05:30', '2018-11-21 17:05:30'),
(72, 20, 'Laurine Hegmann', 'Maiores voluptas amet voluptatem. Praesentium dolor numquam et eum facilis dolorem enim. Debitis ut nostrum est.', 0, '2018-11-21 17:05:30', '2018-11-21 17:05:30'),
(73, 7, 'Leif Roberts', 'Et laudantium et esse et. Quos dolore voluptatibus quaerat iste. Nulla deserunt vel et fuga incidunt aut consequatur. Sint vitae veritatis molestiae qui ea numquam.', 4, '2018-11-21 17:05:30', '2018-11-21 17:05:30'),
(74, 62, 'Rebeka Brakus', 'Et non non laudantium veniam nisi corporis hic. Et nam unde eum. Aut rerum sunt unde dolor dignissimos. Aut minus facere qui qui voluptatem dolor. Voluptatem magnam est veniam fugiat provident et.', 2, '2018-11-21 17:05:30', '2018-11-21 17:05:30'),
(75, 12, 'Berta Beahan', 'Omnis non et aliquid. Ullam voluptatem cum assumenda et est. Ab similique consectetur velit consequatur accusantium laudantium maiores. Ea dolores officiis quo enim.', 1, '2018-11-21 17:05:30', '2018-11-21 17:05:30'),
(76, 58, 'Prof. Romaine Heidenreich I', 'Et esse consequuntur totam eum officia culpa unde. Quaerat voluptatem et molestiae dolorem.', 0, '2018-11-21 17:05:30', '2018-11-21 17:05:30'),
(77, 55, 'Dr. Aiden Will', 'Laboriosam illum sint corporis eius. Eaque et est voluptatem officia unde molestiae. Ipsum nisi provident quo sequi rerum velit. Dicta ut ducimus impedit voluptas nihil.', 2, '2018-11-21 17:05:30', '2018-11-21 17:05:30'),
(78, 5, 'Milan Lehner', 'Cumque omnis dolore minus id. Ducimus quia qui molestiae ut autem. Sed animi quam nemo ex facilis quod est.', 0, '2018-11-21 17:05:30', '2018-11-21 17:05:30'),
(79, 74, 'Americo Kuhic', 'Et praesentium eaque facilis quae expedita nihil. Voluptate aut sapiente expedita ut aliquid vero expedita. Est minus fugiat et quos totam est ad.', 5, '2018-11-21 17:05:30', '2018-11-21 17:05:30'),
(80, 37, 'Mrs. Henriette McGlynn', 'Eum velit facilis et enim. Rem quis quia voluptates. Impedit perspiciatis repudiandae dolor repudiandae nisi et.', 1, '2018-11-21 17:05:30', '2018-11-21 17:05:30'),
(81, 95, 'Ollie White', 'Id sit et nisi. Dolorem eos ea ut facilis. Consequatur omnis blanditiis labore natus.', 1, '2018-11-21 17:05:30', '2018-11-21 17:05:30'),
(82, 28, 'Arnold Lesch', 'Eos et dolores inventore maiores. Sapiente voluptatem ut ratione cum. Magnam excepturi hic enim nisi vel harum. In dolorem earum qui ut tenetur laborum.', 5, '2018-11-21 17:05:30', '2018-11-21 17:05:30'),
(83, 95, 'Prof. Royce Hagenes V', 'Error deleniti nihil deserunt iure et. Rerum temporibus minima reiciendis aut. Explicabo laudantium esse iste totam quis.', 4, '2018-11-21 17:05:30', '2018-11-21 17:05:30'),
(84, 12, 'Noah Schuster', 'Sed qui labore ut itaque neque. Quibusdam non distinctio perferendis consequatur repellendus. Et et voluptatem molestias voluptates. Qui error voluptatibus nostrum.', 0, '2018-11-21 17:05:30', '2018-11-21 17:05:30'),
(85, 71, 'Dr. Theodora Kuvalis DVM', 'Debitis dolor asperiores perferendis sunt ea. Nulla corporis deleniti eos sint. Doloribus maiores dolores consequatur vero et deleniti. Ex quia nam provident officiis similique officia.', 1, '2018-11-21 17:05:30', '2018-11-21 17:05:30'),
(86, 81, 'Ashleigh Morar', 'Vitae omnis vero deleniti aliquam culpa dolores. Temporibus aliquid dolores eum quae accusamus. A quae ut eveniet consequuntur tenetur quis numquam. Totam commodi vel earum.', 3, '2018-11-21 17:05:30', '2018-11-21 17:05:30'),
(87, 64, 'Jordyn Yost', 'Nisi tempora saepe impedit doloribus suscipit et rem. Qui quae dolorem accusamus voluptatem. Neque fuga fuga velit sed quam doloremque vel. Incidunt recusandae quo architecto illum sint eos.', 2, '2018-11-21 17:05:30', '2018-11-21 17:05:30'),
(88, 14, 'Mrs. Malika Hill', 'Reprehenderit perferendis similique impedit dolorem aut expedita. Ut veniam reprehenderit quidem impedit aperiam doloribus aperiam. Illo sit similique nostrum occaecati omnis sunt. Fuga ad esse aut voluptatem.', 3, '2018-11-21 17:05:30', '2018-11-21 17:05:30'),
(89, 21, 'Leslie Wilderman', 'A vel aliquid officiis tenetur rem facilis nesciunt. Officiis perspiciatis officiis ex eveniet accusamus eos quia. Nobis aliquid quia odio assumenda. Asperiores reiciendis quos velit numquam.', 2, '2018-11-21 17:05:30', '2018-11-21 17:05:30'),
(90, 77, 'Rosemary Kling', 'Laborum dolorem mollitia illo ex est. Eos ea quia officiis laborum numquam. Consequatur dolores ducimus quam nihil accusantium. Est iure officiis velit.', 1, '2018-11-21 17:05:30', '2018-11-21 17:05:30'),
(91, 70, 'Hilbert Feil', 'Sint incidunt placeat eos pariatur et reprehenderit hic. Dolorem velit unde porro. Consequuntur est eius dolore ut. Dignissimos veritatis voluptatem neque eos nisi cumque.', 2, '2018-11-21 17:05:30', '2018-11-21 17:05:30'),
(92, 82, 'Roxane Bogisich', 'Rerum et non voluptas consequuntur impedit eos corrupti officiis. Tenetur mollitia eos facilis similique. Rerum veniam recusandae laboriosam sapiente sit.', 4, '2018-11-21 17:05:30', '2018-11-21 17:05:30'),
(93, 31, 'Stacy Metz', 'Dolore quis exercitationem tenetur sit impedit. Itaque fuga temporibus nulla dolorum quos at. Quis sed aut qui temporibus.', 1, '2018-11-21 17:05:30', '2018-11-21 17:05:30'),
(94, 28, 'Doyle Glover', 'Ut illo dignissimos sit voluptatem sapiente. Est ut veritatis voluptates officiis ipsum sit doloribus. Neque quis et aperiam eaque consequuntur est.', 4, '2018-11-21 17:05:30', '2018-11-21 17:05:30'),
(95, 75, 'Carroll Hessel', 'Consequatur mollitia velit fuga. Eaque ab ex explicabo harum ea quibusdam. Laboriosam sit fuga quisquam dolor officia itaque. Ut et aperiam dolor aperiam est nisi dolorem.', 3, '2018-11-21 17:05:30', '2018-11-21 17:05:30'),
(96, 62, 'Lindsay Deckow', 'Possimus rerum sit nostrum rem magnam. Eius rerum eius minima cumque praesentium dolor commodi animi.', 0, '2018-11-21 17:05:31', '2018-11-21 17:05:31'),
(97, 84, 'Ottis Schaefer MD', 'Hic voluptatum quaerat tenetur repudiandae id totam. Ducimus sunt sit dignissimos omnis voluptatem distinctio consequatur. Et nisi repellendus consequatur dolore.', 3, '2018-11-21 17:05:31', '2018-11-21 17:05:31'),
(98, 63, 'Kolby O\'Kon', 'Nihil quia rem et aliquam dicta molestias magnam. Accusantium sit corporis molestiae ut repellat animi iusto. Tenetur qui dolorem maxime nihil. Modi praesentium dolores eum molestiae quia dicta. Molestias et id voluptatem molestiae molestiae quisquam assumenda tempore.', 2, '2018-11-21 17:05:31', '2018-11-21 17:05:31'),
(99, 71, 'Maximillian Medhurst', 'In voluptatibus ipsa voluptates atque ut dolores. Sint aspernatur laudantium ducimus sed nesciunt quo. Odio repudiandae odit occaecati aut error ea officia est. Fugit rem sint quae.', 0, '2018-11-21 17:05:31', '2018-11-21 17:05:31'),
(100, 55, 'Prof. Jamaal Pfannerstill', 'Quisquam qui voluptatibus atque aut est delectus voluptatum. Tempora qui consequatur repellat ipsam. Magni et velit odio deleniti voluptas alias omnis.', 3, '2018-11-21 17:05:31', '2018-11-21 17:05:31'),
(101, 16, 'Natalie Baumbach II', 'Sit ut rerum consequuntur blanditiis aperiam hic. Dolor ut corporis sit magnam et sunt aut. Ad aut nihil sit rerum necessitatibus est omnis.', 1, '2018-11-21 17:05:31', '2018-11-21 17:05:31'),
(102, 32, 'Bradly Koelpin', 'Deleniti quod exercitationem repellat quae rerum reiciendis voluptas. Quas aut voluptatum quas quibusdam distinctio.', 3, '2018-11-21 17:05:31', '2018-11-21 17:05:31'),
(103, 1, 'Marcelino Schaden V', 'Repellendus corrupti et rem dolor dolores beatae. Velit optio sunt deleniti. Aliquam eum qui consequuntur odit quam. Aut esse cum sit.', 4, '2018-11-21 17:05:31', '2018-11-21 17:05:31'),
(104, 31, 'Miguel Moen', 'Numquam inventore modi saepe recusandae iure ut velit. Qui enim ut aut iure. Ipsum labore velit fugiat mollitia inventore in ut.', 5, '2018-11-21 17:05:31', '2018-11-21 17:05:31'),
(105, 68, 'Prof. Trevion Jerde', 'Et dolorem architecto natus corrupti. Voluptatibus dolor ea et inventore quas dolorem autem. Error dicta harum adipisci et unde.', 4, '2018-11-21 17:05:31', '2018-11-21 17:05:31'),
(106, 46, 'Anya Boyle', 'Est et sequi hic quod. Id incidunt harum iure qui quia reiciendis vero.', 4, '2018-11-21 17:05:31', '2018-11-21 17:05:31'),
(107, 42, 'Preston Koepp MD', 'Minus eum alias sunt soluta accusantium quos. In aut qui itaque quia repellendus voluptatem. Rem harum facere voluptatem quos itaque quis ut unde.', 5, '2018-11-21 17:05:31', '2018-11-21 17:05:31'),
(108, 62, 'Kathleen Sauer III', 'Est totam minima magnam quia et eos nisi. Sunt quis sequi consequatur inventore. Consequuntur animi vel eligendi quia dolor. Ad aut voluptatem enim nihil aliquid tempora.', 3, '2018-11-21 17:05:31', '2018-11-21 17:05:31'),
(109, 74, 'Miss Josefina Hahn Sr.', 'Provident exercitationem unde hic tempore. Eum saepe ut natus in hic. Maxime et at perferendis assumenda fugit. Qui culpa et eaque voluptatem.', 3, '2018-11-21 17:05:31', '2018-11-21 17:05:31'),
(110, 99, 'Leonel Marquardt', 'Deleniti quis quasi unde iure perferendis dolor consequatur quia. Autem quia nostrum excepturi commodi eaque culpa in nulla. Explicabo nemo repudiandae quo sed a autem porro. Mollitia enim quo tempore minima necessitatibus.', 2, '2018-11-21 17:05:31', '2018-11-21 17:05:31'),
(111, 100, 'Dr. Kiley Pollich', 'Architecto id labore maiores quos ut quasi quod. Est minima blanditiis sequi voluptatem velit odio harum. Rerum vero quas id vel odit laudantium et. Magni fugit omnis eos repellendus magni quos. Qui id amet quasi aliquam.', 1, '2018-11-21 17:05:31', '2018-11-21 17:05:31'),
(112, 95, 'Cecile Botsford', 'Non veritatis laborum quae ut consequatur aperiam. Doloremque maxime dignissimos possimus dicta magni corrupti in. Assumenda saepe odio laudantium sint placeat. Vel hic aperiam nostrum laboriosam.', 4, '2018-11-21 17:05:31', '2018-11-21 17:05:31'),
(113, 8, 'Prof. Walton Kris', 'Maiores deserunt ut quisquam quia ut. Nisi ducimus animi ut autem qui. Esse sunt consequatur provident debitis qui.', 3, '2018-11-21 17:05:31', '2018-11-21 17:05:31'),
(114, 9, 'Deshaun Farrell', 'Mollitia animi eaque eaque eos. Ea ullam excepturi distinctio id est laborum. Ducimus possimus aut minus nesciunt et distinctio. Rerum non placeat laboriosam totam quos laborum amet.', 4, '2018-11-21 17:05:31', '2018-11-21 17:05:31'),
(115, 47, 'Priscilla Carroll', 'Impedit iusto sint nulla quis repudiandae. Nesciunt aliquid est mollitia quae aut eum nostrum. Natus quia dolores sit architecto voluptatibus saepe facere. Et consectetur dicta itaque repellendus.', 1, '2018-11-21 17:05:31', '2018-11-21 17:05:31'),
(116, 69, 'Dr. Garrick Zulauf', 'Provident delectus optio libero facere. At sequi consequuntur molestias quis inventore sit voluptas. Dolores possimus temporibus ex quisquam nulla. Molestias repellat deserunt in eos modi cum omnis.', 4, '2018-11-21 17:05:31', '2018-11-21 17:05:31'),
(117, 56, 'Keith Hane', 'Aliquid consequuntur rerum maxime nemo. Esse quia nemo labore magnam quidem et numquam harum. Mollitia optio commodi sint quis dolorum eos vitae.', 5, '2018-11-21 17:05:31', '2018-11-21 17:05:31'),
(118, 49, 'Sim Olson', 'Quibusdam deserunt neque similique est quia. Est molestiae earum aliquid itaque. Repellendus eius tempora ratione modi. Ut qui voluptas veritatis unde voluptas eum.', 2, '2018-11-21 17:05:31', '2018-11-21 17:05:31'),
(119, 96, 'Roscoe Raynor', 'Expedita quis sunt et ipsam qui fugiat. Fuga odit perferendis voluptatem nemo autem et dolores ex. Aut numquam ea voluptate ducimus quia odit iusto.', 2, '2018-11-21 17:05:31', '2018-11-21 17:05:31'),
(120, 33, 'Dr. Warren Effertz V', 'Omnis perspiciatis eligendi eligendi aut. Rerum sunt atque minus eveniet eveniet natus rem. Dicta at eos est repudiandae quo expedita. Non non libero qui veritatis omnis debitis.', 5, '2018-11-21 17:05:31', '2018-11-21 17:05:31'),
(121, 23, 'Yasmine Russel', 'Doloribus et quidem rerum in dolorem atque. In eum optio unde adipisci porro. Nihil beatae totam voluptate ipsa.', 4, '2018-11-21 17:05:31', '2018-11-21 17:05:31'),
(122, 13, 'Ellen Feeney II', 'Error in quia totam consequatur aut magnam. Cum perferendis rerum dolores nesciunt distinctio facilis iure optio. Minima nostrum velit architecto mollitia ab repellendus excepturi.', 1, '2018-11-21 17:05:31', '2018-11-21 17:05:31'),
(123, 1, 'Mossie Hirthe', 'Eos reprehenderit qui consectetur repellat ducimus repellendus consequatur quo. Ducimus tenetur molestias nisi occaecati voluptatum omnis at. Quia dolore amet fugit deleniti non minus praesentium cumque.', 1, '2018-11-21 17:05:31', '2018-11-21 17:05:31'),
(124, 67, 'Mrs. Janelle Schaden V', 'Dolorem nobis error rerum sed rerum laborum adipisci porro. Odit earum possimus dicta. Architecto nesciunt voluptatum pariatur nihil ut qui hic. Autem dolores nulla quidem.', 1, '2018-11-21 17:05:31', '2018-11-21 17:05:31'),
(125, 48, 'Carmen Funk', 'Tenetur a perferendis quae sunt sit. Voluptatem a corrupti itaque repudiandae laboriosam eum occaecati. Pariatur amet eos modi molestiae odio.', 0, '2018-11-21 17:05:31', '2018-11-21 17:05:31'),
(126, 78, 'Mr. Ronny Wuckert', 'Natus error in perspiciatis delectus. Cumque aut praesentium qui ut et. Ex optio voluptatem et ut. Et aut et praesentium animi fuga tenetur.', 0, '2018-11-21 17:05:31', '2018-11-21 17:05:31'),
(127, 91, 'Prof. Jaleel Schmidt DVM', 'Et qui quam quasi reprehenderit dolore porro. Dolorum eum iusto incidunt animi laborum distinctio dicta.', 0, '2018-11-21 17:05:31', '2018-11-21 17:05:31'),
(128, 83, 'Claire Gutmann', 'Error qui et commodi minima et aut. Ut itaque sapiente quidem esse et ut ut. Odit et consequatur accusamus error.', 4, '2018-11-21 17:05:31', '2018-11-21 17:05:31'),
(129, 2, 'Dr. Madelynn Price Jr.', 'Optio nisi eos ut aut minima molestiae consectetur asperiores. Nisi nihil facilis non qui velit perspiciatis fugit. Ut qui quidem architecto a voluptatibus.', 0, '2018-11-21 17:05:31', '2018-11-21 17:05:31'),
(130, 67, 'Alayna Price', 'Tempora est voluptas iure molestias doloribus aut inventore corporis. Maxime quam modi omnis qui quo veritatis eos non. Sit repellendus sint molestias beatae. Dolorem et qui et odio enim maxime atque est.', 3, '2018-11-21 17:05:31', '2018-11-21 17:05:31'),
(131, 23, 'Cortez Yost', 'Molestiae qui sed praesentium recusandae rerum. Autem inventore eos cupiditate sunt eum delectus voluptates. Quo eius dolores ex quidem rerum sed debitis veritatis.', 0, '2018-11-21 17:05:31', '2018-11-21 17:05:31'),
(132, 77, 'Otilia Schamberger', 'Consequuntur aliquam sunt ducimus excepturi ea tempora quia. Corrupti totam quia et ducimus animi dolores. Cumque ut incidunt voluptatum earum natus et doloremque.', 4, '2018-11-21 17:05:31', '2018-11-21 17:05:31'),
(133, 74, 'Mr. Dee Ryan I', 'Sit debitis aut veritatis porro. Voluptatem unde tempore culpa quos. Et dolores sunt qui minima.', 2, '2018-11-21 17:05:31', '2018-11-21 17:05:31'),
(134, 20, 'Valentine Auer', 'Quidem molestias aut inventore et. Molestias quaerat molestias nulla quo. Quasi et consequuntur perspiciatis voluptas.', 5, '2018-11-21 17:05:31', '2018-11-21 17:05:31'),
(135, 95, 'Yesenia Hessel', 'Exercitationem reiciendis tenetur ullam sunt asperiores. Incidunt facilis voluptatem illo libero.', 1, '2018-11-21 17:05:31', '2018-11-21 17:05:31'),
(136, 82, 'Katherine Bradtke', 'Placeat ut officia in sequi quaerat ut aut sapiente. Non minima explicabo qui adipisci velit alias ut. Autem exercitationem delectus nostrum temporibus voluptate eos.', 1, '2018-11-21 17:05:32', '2018-11-21 17:05:32'),
(137, 75, 'Cathy Kshlerin', 'Maxime voluptatem voluptas voluptatem esse. Odio aperiam sapiente quaerat modi rerum qui. Accusantium accusantium veritatis repudiandae quia. Deleniti vel ut enim ex id provident. Rerum qui omnis quam.', 3, '2018-11-21 17:05:32', '2018-11-21 17:05:32'),
(138, 61, 'Abigayle Mann', 'Alias praesentium aut nobis molestiae labore minus culpa. Sit omnis consequuntur maiores. Cupiditate perferendis corrupti fugiat molestiae ex pariatur.', 4, '2018-11-21 17:05:32', '2018-11-21 17:05:32'),
(139, 94, 'Garth Barrows', 'Qui debitis beatae sed vel tenetur et praesentium. Minima non iste fugiat sit praesentium provident sed. Consequatur hic blanditiis quis nihil. Eos odit pariatur omnis reprehenderit inventore.', 0, '2018-11-21 17:05:32', '2018-11-21 17:05:32'),
(140, 88, 'Caden Turner', 'Corrupti sint eaque maiores quas ipsam ut. Voluptas et rerum vel asperiores laboriosam et. Distinctio sed ut aut similique qui omnis.', 4, '2018-11-21 17:05:32', '2018-11-21 17:05:32'),
(141, 81, 'Brook Moore V', 'Velit optio voluptatem omnis sunt. Recusandae voluptatibus tempore dolores deleniti at. Eveniet eum omnis consequuntur non dolorem eos.', 4, '2018-11-21 17:05:32', '2018-11-21 17:05:32'),
(142, 11, 'Felicity Welch', 'Quos quidem quia qui fugiat rerum. Impedit eos omnis officiis veritatis magnam ipsa. Illo aspernatur accusantium modi consequatur est unde. Cumque ut rerum exercitationem delectus consectetur delectus.', 1, '2018-11-21 17:05:32', '2018-11-21 17:05:32'),
(143, 73, 'Deron Boyle', 'Ad eligendi et dolorem earum voluptas voluptatem autem aut. Est aut eius ducimus hic quaerat rerum tenetur facilis. Sit quo exercitationem at dolor unde consequatur.', 4, '2018-11-21 17:05:32', '2018-11-21 17:05:32'),
(144, 86, 'Melisa Satterfield', 'Iste veniam earum temporibus sequi qui voluptatem officiis. Quia et eum mollitia qui explicabo. Doloribus explicabo laudantium quia error. Vel architecto molestiae quia cupiditate tempora sit. Omnis nisi in rem nobis sunt.', 1, '2018-11-21 17:05:32', '2018-11-21 17:05:32'),
(145, 57, 'Ariel Aufderhar', 'Consequuntur aperiam delectus ipsam totam molestiae laborum. Et excepturi et quasi neque. Ratione sed quia nostrum odio. Iure odit consequatur magnam expedita.', 4, '2018-11-21 17:05:32', '2018-11-21 17:05:32'),
(146, 42, 'Prof. Enid Swift II', 'Aliquid exercitationem vitae assumenda exercitationem explicabo. Eum unde provident perspiciatis totam ea pariatur et amet. Molestias et sequi molestiae accusantium iure. Aliquid quam hic quam est ullam quam ipsa.', 1, '2018-11-21 17:05:32', '2018-11-21 17:05:32'),
(147, 92, 'Anastacio Hyatt', 'Porro rerum error qui odit. Optio doloribus beatae nostrum iste ducimus. Et nihil nobis ut quam a ut quibusdam.', 3, '2018-11-21 17:05:32', '2018-11-21 17:05:32'),
(148, 13, 'Horace Lowe', 'Aut ut ducimus molestias porro non. At dolorem voluptatum non magni odio aspernatur. Reprehenderit alias provident in.', 1, '2018-11-21 17:05:32', '2018-11-21 17:05:32'),
(149, 48, 'Ms. Jakayla Hudson Sr.', 'Perferendis sint iure maiores maiores. Necessitatibus enim quia et dolorem. Qui facilis et nam sit aliquid.', 1, '2018-11-21 17:05:32', '2018-11-21 17:05:32'),
(150, 71, 'Van Gleichner', 'Omnis omnis sint quos consequatur rerum sed. Vitae explicabo in et quisquam quas dolorem rem laudantium. Qui et dicta illum est quaerat.', 0, '2018-11-21 17:05:32', '2018-11-21 17:05:32'),
(151, 30, 'Bettie Schaefer', 'Non aliquid cum voluptas id eveniet. Molestiae illum deleniti tempore. Rerum explicabo vitae qui sint eos.', 5, '2018-11-21 17:05:32', '2018-11-21 17:05:32'),
(152, 19, 'Emery Boyle PhD', 'Assumenda voluptatum et et iure. Quis qui doloribus vero quisquam consequatur veritatis. Aut fuga quae iure nam fugit ut. Dicta sequi voluptates in sed molestiae tempore debitis.', 2, '2018-11-21 17:05:32', '2018-11-21 17:05:32'),
(153, 66, 'Guido Denesik', 'Consequatur quia velit non et veritatis. Molestias aut non praesentium. Qui laudantium nihil velit culpa qui rerum. Omnis sit reiciendis perspiciatis dicta reiciendis exercitationem. Voluptas possimus quis voluptas provident dolorum.', 5, '2018-11-21 17:05:32', '2018-11-21 17:05:32'),
(154, 72, 'Mrs. Sydnie Champlin', 'Quis ipsa vel vel officiis cum nihil ipsa. Harum ratione nobis omnis molestiae quia doloribus earum sequi. Porro inventore et omnis incidunt dolores.', 0, '2018-11-21 17:05:32', '2018-11-21 17:05:32'),
(155, 64, 'Prof. Kelton Glover', 'Sint aspernatur natus minus saepe quia voluptas voluptate. Est qui tempore culpa et id nulla. Omnis mollitia voluptatem minus nobis et. Esse eligendi vitae odio nihil architecto quia corrupti.', 0, '2018-11-21 17:05:32', '2018-11-21 17:05:32'),
(156, 16, 'Connie Quigley', 'Eos et enim tempore quos. Qui eum iure iste et dolorem nesciunt. Ut autem fuga id.', 5, '2018-11-21 17:05:32', '2018-11-21 17:05:32'),
(157, 13, 'Dr. Jamarcus Renner', 'Ipsam omnis in voluptates sunt praesentium possimus et. Commodi illo et eum sint optio omnis fugiat. Nulla rem nulla repellendus quibusdam molestiae maxime maxime. Voluptas cupiditate praesentium ullam quaerat mollitia natus.', 0, '2018-11-21 17:05:32', '2018-11-21 17:05:32'),
(158, 89, 'Ms. Annamae Reichel', 'Aut quis quos consequatur iste dolor. Numquam sequi repudiandae quas nihil qui enim. Magni eveniet sit quis totam. Non recusandae soluta libero sunt beatae at.', 3, '2018-11-21 17:05:32', '2018-11-21 17:05:32'),
(159, 42, 'Krystina Kertzmann', 'Quos est temporibus aut eius ipsa eos et. Dolore optio cumque ducimus porro vel voluptatem. Tempora et qui in vitae.', 4, '2018-11-21 17:05:32', '2018-11-21 17:05:32'),
(160, 66, 'Grayce Lubowitz DVM', 'Dolor tempore voluptatem quod recusandae error dolor aspernatur. Alias quae blanditiis enim hic maxime. Minima eos occaecati deserunt omnis minima expedita ut sed. Sed est commodi eum quo.', 4, '2018-11-21 17:05:32', '2018-11-21 17:05:32'),
(161, 88, 'Eryn Zemlak', 'Incidunt et voluptatem aut aut nostrum reiciendis. Eaque modi eligendi qui eius vero amet. Rerum dignissimos consequatur quia est voluptates. Molestiae quasi officiis facere et et quasi. Molestiae qui assumenda necessitatibus dolore voluptatum.', 4, '2018-11-21 17:05:32', '2018-11-21 17:05:32'),
(162, 87, 'Aniyah Abernathy', 'Dolores impedit voluptatem optio ipsa ut culpa. Sed reprehenderit voluptatem rerum. Deserunt aut reiciendis vel maxime unde quas.', 3, '2018-11-21 17:05:32', '2018-11-21 17:05:32'),
(163, 81, 'Vada Hauck', 'Eaque magni iste omnis expedita. Sit aut deserunt autem placeat. Corporis libero autem ducimus omnis id rem.', 3, '2018-11-21 17:05:32', '2018-11-21 17:05:32'),
(164, 99, 'Dr. Harold Schaden MD', 'Deserunt molestias ut consequuntur aliquam temporibus explicabo. Maxime et facere corrupti. Consequatur corrupti delectus voluptas velit.', 5, '2018-11-21 17:05:32', '2018-11-21 17:05:32'),
(165, 77, 'Marlee Parisian', 'Dolorem quos blanditiis similique neque sapiente. Cumque quis voluptatibus sit tenetur deleniti voluptatibus consequatur. Deserunt iure ducimus quia asperiores possimus sunt. Fuga sint ipsam nesciunt eos est.', 0, '2018-11-21 17:05:32', '2018-11-21 17:05:32'),
(166, 80, 'Theodora Kilback DVM', 'Unde eos amet iste. Quae delectus sit eum eveniet. Voluptate iste autem laudantium alias dolor corrupti. Quaerat eum quis amet excepturi eum. Non neque eum quibusdam reprehenderit dolor dolores.', 0, '2018-11-21 17:05:32', '2018-11-21 17:05:32'),
(167, 54, 'Mr. Jordan Goldner', 'Eius est qui consectetur nesciunt dignissimos dicta qui expedita. Sit eius quis quia consequuntur atque. Ipsum facilis porro quod minus temporibus voluptate.', 2, '2018-11-21 17:05:32', '2018-11-21 17:05:32'),
(168, 18, 'Gwen Quitzon', 'Ratione nulla recusandae asperiores. Corrupti cupiditate libero nisi aperiam sequi voluptas et ullam. Ut quo dicta ullam. Autem impedit velit quod. Quo hic id quia.', 3, '2018-11-21 17:05:32', '2018-11-21 17:05:32'),
(169, 24, 'Darby Hand', 'Voluptatem veritatis corrupti perspiciatis rerum quis accusamus facere. Dolorem omnis neque quia eum beatae. Consequuntur nesciunt quia et aperiam omnis quo sunt eos. Dolorum velit nihil est error facere et. Autem expedita optio sint dicta nihil quasi porro.', 5, '2018-11-21 17:05:32', '2018-11-21 17:05:32'),
(170, 6, 'Prof. Ubaldo Ullrich', 'Reprehenderit assumenda nam accusantium voluptas id animi. Nesciunt labore animi reiciendis distinctio eum et asperiores enim. Fugiat quasi et qui.', 4, '2018-11-21 17:05:32', '2018-11-21 17:05:32'),
(171, 75, 'Demario Reichert', 'Facilis et et minus id asperiores. Dolorum earum aut officia et tenetur qui.', 1, '2018-11-21 17:05:32', '2018-11-21 17:05:32'),
(172, 4, 'Kaia Konopelski PhD', 'Possimus quia est ipsum fugit. Ut modi voluptates iusto reprehenderit dolore. Suscipit repudiandae ad natus dolor quidem veniam corporis iure.', 3, '2018-11-21 17:05:32', '2018-11-21 17:05:32'),
(173, 21, 'Dr. Vaughn Strosin II', 'Nulla enim aut magni minus enim. Nostrum occaecati laboriosam magnam aut illo. Architecto nam omnis dolorem sed et.', 2, '2018-11-21 17:05:32', '2018-11-21 17:05:32'),
(174, 17, 'Mr. Urban Gutkowski', 'Aperiam sunt reprehenderit ut dolor in. Suscipit accusantium nulla sit harum beatae. Hic quod suscipit aspernatur odio cum. Enim ipsum est error quia veritatis.', 1, '2018-11-21 17:05:32', '2018-11-21 17:05:32'),
(175, 89, 'Garrett Cummings MD', 'Quia nobis quam quia aut mollitia. Laborum ducimus quae non consequatur aliquid. Illo ad sunt alias et et commodi.', 5, '2018-11-21 17:05:33', '2018-11-21 17:05:33'),
(176, 64, 'Lonie Weimann', 'Quidem nulla velit enim vel. Porro maxime eaque enim culpa natus mollitia quod. Consequuntur esse ut deleniti officia necessitatibus sint. Alias facilis repudiandae consectetur odit suscipit.', 3, '2018-11-21 17:05:33', '2018-11-21 17:05:33'),
(177, 9, 'Tessie Jaskolski', 'Inventore eos sequi non non. Accusamus eos sunt harum vitae. Mollitia ullam ut qui error officia. Id nesciunt voluptas ab quis quo architecto quia.', 2, '2018-11-21 17:05:33', '2018-11-21 17:05:33'),
(178, 37, 'Mr. Carmel Hand DVM', 'Ut modi voluptatibus corrupti tempora qui adipisci. Vel deleniti minus saepe autem culpa veniam aut. Minus nam recusandae blanditiis veritatis harum.', 2, '2018-11-21 17:05:33', '2018-11-21 17:05:33'),
(179, 31, 'Prof. Calista Jaskolski DDS', 'Sed voluptas reprehenderit qui non impedit. Officiis nemo nisi sit omnis a sunt facilis debitis. Fugit sequi quis est reiciendis est voluptas qui sed. Mollitia asperiores quis aut perferendis dolore. Voluptatum id non id aut possimus aut ullam.', 1, '2018-11-21 17:05:33', '2018-11-21 17:05:33'),
(180, 74, 'Dr. Jacquelyn Schinner DVM', 'Quia facere quis quasi consectetur et voluptatum omnis aperiam. Odit quisquam eaque fuga omnis voluptatibus voluptatem. Eligendi cumque totam ut sit qui consequuntur nihil.', 1, '2018-11-21 17:05:33', '2018-11-21 17:05:33'),
(181, 71, 'Leanne Medhurst', 'Est sapiente dicta quam non. Officiis voluptatum dolor incidunt quos sed et velit velit. Nulla id fugit omnis illum reprehenderit magni excepturi. Dignissimos consectetur voluptatem dolores perspiciatis aut quia sed facilis.', 3, '2018-11-21 17:05:33', '2018-11-21 17:05:33'),
(182, 81, 'Gail Goyette', 'Nam corporis ut explicabo recusandae nemo dolorem. Laborum unde dolorum atque nesciunt facilis iusto dolor.', 2, '2018-11-21 17:05:33', '2018-11-21 17:05:33'),
(183, 41, 'Jeffry Luettgen', 'Dolorum voluptatem et placeat ea quibusdam soluta. Sit et dicta id est at.', 4, '2018-11-21 17:05:33', '2018-11-21 17:05:33'),
(184, 15, 'Prof. Linwood Schuster I', 'Modi quos eveniet dolores velit perspiciatis voluptate. Perferendis dolores quia eaque rerum ullam aut.', 1, '2018-11-21 17:05:33', '2018-11-21 17:05:33'),
(185, 37, 'Keely Ondricka', 'Id officia neque iste inventore praesentium qui. Cumque sed quo suscipit facilis aspernatur sint ipsam. Omnis doloribus aspernatur aut provident non quia laudantium.', 5, '2018-11-21 17:05:33', '2018-11-21 17:05:33'),
(186, 28, 'Delilah Casper', 'A ipsam enim ea accusantium maxime. Fuga itaque praesentium hic similique. Et corrupti ut voluptas non consequatur non.', 3, '2018-11-21 17:05:33', '2018-11-21 17:05:33'),
(187, 82, 'Zetta Carroll', 'Eaque aliquam voluptatem eos nam beatae consequatur repellendus. Et dolor at quia corrupti sit eveniet deleniti. Quam sint aspernatur debitis tempora asperiores asperiores. Nobis expedita veritatis et.', 0, '2018-11-21 17:05:33', '2018-11-21 17:05:33'),
(188, 34, 'Ari Bashirian III', 'Aperiam non a nam veniam ipsam eos. Aut ratione dolor dolorum alias excepturi. Qui sed rem tenetur dicta est. Autem ut ratione autem quisquam aut.', 3, '2018-11-21 17:05:33', '2018-11-21 17:05:33'),
(189, 66, 'Haylie Funk III', 'Nemo libero quos fuga facere error aut. Sed perferendis rerum aspernatur quidem corporis et. Inventore quisquam aliquid qui commodi velit optio commodi rem. Et quae consequatur tempore facilis.', 5, '2018-11-21 17:05:33', '2018-11-21 17:05:33'),
(190, 89, 'Keshawn Abbott', 'Recusandae nihil iste doloribus ad quo excepturi. Accusamus qui quas pariatur eaque vel cumque. Architecto et quam consequuntur atque. Repellendus nihil omnis totam cupiditate et ipsum quam.', 5, '2018-11-21 17:05:33', '2018-11-21 17:05:33'),
(191, 37, 'Prof. Conrad Goyette', 'Sequi quia et eum ullam veritatis. Accusantium quo nemo dicta in aut provident. Id iste sint ut saepe quisquam corrupti dolor.', 4, '2018-11-21 17:05:33', '2018-11-21 17:05:33'),
(192, 90, 'Alize White IV', 'Amet doloremque repellendus velit nostrum voluptatum. Voluptatum non omnis aspernatur impedit laudantium. Cum exercitationem iure consectetur cupiditate molestias sed. Voluptas voluptates consequuntur eum sapiente.', 4, '2018-11-21 17:05:33', '2018-11-21 17:05:33'),
(193, 83, 'Mr. Randal Corwin', 'Assumenda vero corrupti sint corrupti. Vel ab quasi amet sapiente omnis. Temporibus est deserunt nostrum maxime. Amet excepturi reprehenderit excepturi corporis optio. Quisquam quos fugiat nobis ratione quaerat incidunt.', 3, '2018-11-21 17:05:33', '2018-11-21 17:05:33'),
(194, 59, 'Dr. Micheal Jacobson IV', 'Enim maiores perferendis quia. Facere explicabo eos est impedit. Sequi itaque sed pariatur officia incidunt officiis voluptatibus.', 3, '2018-11-21 17:05:33', '2018-11-21 17:05:33'),
(195, 32, 'Kaelyn Heller', 'Tempora sed occaecati quo sunt voluptatem. Et deserunt aut saepe voluptatibus omnis ipsa. Adipisci dolor dolores et illo nostrum cupiditate. Ipsum non commodi reprehenderit alias ea minus.', 4, '2018-11-21 17:05:33', '2018-11-21 17:05:33'),
(196, 33, 'Mrs. Adell Adams', 'Ipsum qui fuga molestiae perspiciatis dolorem est est. Dolor nulla neque at voluptatem iusto. Voluptatibus omnis ad error repellendus saepe. Ut recusandae qui vel.', 4, '2018-11-21 17:05:33', '2018-11-21 17:05:33'),
(197, 86, 'Antonetta Fadel', 'Voluptates eos voluptatem qui voluptas tempora. Vel dolore velit consectetur pariatur unde rerum quasi. Repudiandae deserunt quibusdam incidunt perferendis vel. A repudiandae commodi est ex aut.', 3, '2018-11-21 17:05:33', '2018-11-21 17:05:33'),
(198, 86, 'Toby Weber', 'Magnam ullam minima illo natus aliquid commodi fugit dolores. Doloribus voluptates quasi maiores aut dicta omnis. Cumque quia natus consectetur dolores molestiae. Temporibus aut ad nostrum eligendi sapiente voluptates voluptas.', 3, '2018-11-21 17:05:33', '2018-11-21 17:05:33'),
(199, 34, 'Ms. Rosa Oberbrunner III', 'Fuga provident labore libero et exercitationem. Fugit et ducimus officiis aut rerum qui a. Ut expedita tempora ex itaque aut illum neque. Dolor laboriosam qui tenetur non autem quis eius enim. Iste non molestias praesentium ratione deleniti.', 1, '2018-11-21 17:05:33', '2018-11-21 17:05:33'),
(200, 35, 'Ms. Brittany Doyle V', 'Placeat sit ipsa nemo provident quas dolores. Amet consectetur porro itaque autem repellendus accusamus magni. Placeat quam reprehenderit et. Corrupti dolores ipsa est quis quidem. Officiis dolor quia vitae facere voluptatem.', 1, '2018-11-21 17:05:33', '2018-11-21 17:05:33'),
(201, 21, 'Issac Bruen', 'Accusantium dolores eos magnam sint. Rerum esse qui est quibusdam eius odio. Quam recusandae et eius porro perferendis. Et cupiditate aut ipsum ut est.', 1, '2018-11-21 17:05:33', '2018-11-21 17:05:33'),
(202, 50, 'Ms. Marge Sipes', 'Quae sit quo alias facere consequatur itaque ipsam. Cumque nihil et optio dolorum perferendis. Eaque cum dolorem fuga sit. Dolor vel et quam nisi totam ut.', 3, '2018-11-21 17:05:33', '2018-11-21 17:05:33'),
(203, 99, 'Cesar Mayer', 'Deserunt voluptas molestias quasi aspernatur deserunt. Molestiae earum esse est. Dolor est dolorum rerum totam animi ut deserunt. Non in porro qui quam.', 0, '2018-11-21 17:05:33', '2018-11-21 17:05:33'),
(204, 100, 'Miss Antoinette Rippin', 'Voluptatem magni id aliquam tempore temporibus culpa. Non rerum totam ipsam laudantium magni numquam aliquam. Iste sit saepe ut et provident repellendus.', 2, '2018-11-21 17:05:33', '2018-11-21 17:05:33'),
(205, 37, 'Rozella Stroman I', 'Laboriosam inventore temporibus totam animi. Necessitatibus minima possimus cumque ut nemo. Rerum molestiae ea architecto est dolorum.', 3, '2018-11-21 17:05:33', '2018-11-21 17:05:33'),
(206, 89, 'Miguel Volkman', 'Perferendis aliquam quam quod est sit ea. Sed repellendus voluptates officiis repudiandae non earum cumque. Ut ullam assumenda omnis impedit. Nesciunt et numquam rem magni officiis. Deleniti ut adipisci explicabo maiores quasi praesentium aut.', 0, '2018-11-21 17:05:33', '2018-11-21 17:05:33'),
(207, 42, 'Jazlyn Osinski', 'Mollitia vero quia voluptatem possimus dolorem qui. Et ea quam autem sapiente id sit aut. Enim a delectus perferendis illum distinctio.', 0, '2018-11-21 17:05:33', '2018-11-21 17:05:33'),
(208, 3, 'Antwon Okuneva', 'Possimus dicta voluptas earum quae sit quas. Necessitatibus qui cumque tempora deserunt et nihil. Eum recusandae quaerat voluptatem. Voluptas omnis et consectetur odio aspernatur.', 2, '2018-11-21 17:05:33', '2018-11-21 17:05:33');
INSERT INTO `reviews` (`id`, `product_id`, `customer`, `review`, `star`, `created_at`, `updated_at`) VALUES
(209, 7, 'Jade Brekke', 'Ab vitae optio qui repudiandae tenetur temporibus nulla voluptate. Non qui omnis consequatur fugit dolores non ipsum. Laboriosam doloremque rerum repellendus voluptatem itaque repellendus.', 4, '2018-11-21 17:05:33', '2018-11-21 17:05:33'),
(210, 21, 'Dr. Marielle Thompson II', 'Illo non ut reiciendis fuga et quia occaecati. Est optio pariatur amet pariatur in aut in.', 0, '2018-11-21 17:05:33', '2018-11-21 17:05:33'),
(211, 82, 'Amelie Senger', 'Illo saepe molestiae atque ipsam. Labore ut id vero quisquam voluptas assumenda. A sunt reiciendis et nemo ut nam qui. Laborum alias voluptatem recusandae modi velit est.', 4, '2018-11-21 17:05:33', '2018-11-21 17:05:33'),
(212, 14, 'Victoria Beier', 'Ut omnis minima laboriosam et et. Eaque a dolor cum adipisci id doloribus.', 4, '2018-11-21 17:05:33', '2018-11-21 17:05:33'),
(213, 81, 'Angus Rippin', 'Ex est nesciunt mollitia id harum voluptas voluptatem. Alias quaerat magni quis illo accusantium. Vero eligendi odio quaerat ut. Sit rerum suscipit maxime consequatur est.', 2, '2018-11-21 17:05:33', '2018-11-21 17:05:33'),
(214, 60, 'Dr. Delphia Kulas Jr.', 'Quia similique non dolor et non optio. Ea voluptas deleniti dolorem aspernatur. Dolorem facilis minus et. Dolor eligendi omnis repellendus quae.', 4, '2018-11-21 17:05:33', '2018-11-21 17:05:33'),
(215, 5, 'Winifred Ryan', 'Culpa quia id doloremque aut tenetur. Omnis tempore reiciendis eligendi beatae veniam ullam. Iusto blanditiis pariatur eligendi praesentium. Dolores dolor et vero sint dolores.', 3, '2018-11-21 17:05:34', '2018-11-21 17:05:34'),
(216, 57, 'Kitty Towne', 'Ab repellat possimus quo delectus perspiciatis quo. Libero totam laborum eligendi fuga modi.', 4, '2018-11-21 17:05:34', '2018-11-21 17:05:34'),
(217, 29, 'Johnny Roberts', 'Natus vitae quisquam rerum placeat illo error quis. Occaecati ex nulla pariatur. Quia blanditiis iusto unde consequatur.', 4, '2018-11-21 17:05:34', '2018-11-21 17:05:34'),
(218, 84, 'Felipe Nolan III', 'Vitae nesciunt ipsam reiciendis nesciunt. Porro quis aspernatur qui beatae voluptatem iusto tempora. Occaecati quia vitae in assumenda fuga ab.', 1, '2018-11-21 17:05:34', '2018-11-21 17:05:34'),
(219, 82, 'Rudolph Homenick', 'Reiciendis ducimus maiores neque ad ea quae nisi. Quia praesentium dolore voluptas similique minima provident ipsa numquam. Blanditiis sit pariatur qui nesciunt.', 3, '2018-11-21 17:05:34', '2018-11-21 17:05:34'),
(220, 95, 'Mr. Javier Jaskolski II', 'Ducimus dicta quo quia voluptatem nisi repellendus. Vel qui vel explicabo et. Alias ratione qui doloribus odio qui autem ut. Magni rerum ut eaque omnis omnis non sit.', 3, '2018-11-21 17:05:34', '2018-11-21 17:05:34'),
(221, 74, 'Prof. Janis Feeney', 'Qui consequatur non autem ad deleniti minus eos. Natus tenetur eligendi reprehenderit veniam iste expedita commodi. Et dignissimos qui sit exercitationem. Aut unde et est impedit omnis pariatur quod.', 4, '2018-11-21 17:05:34', '2018-11-21 17:05:34'),
(222, 17, 'Amalia Reilly', 'Natus quia voluptatibus sed eaque fuga architecto architecto autem. Et accusamus quia quia nihil aut maxime harum. Eveniet minus rerum velit et a unde. Similique dolores ad facilis dolor occaecati. Est amet aut est voluptatem labore.', 2, '2018-11-21 17:05:34', '2018-11-21 17:05:34'),
(223, 77, 'Brock O\'Reilly', 'Quis eos atque facilis. Cumque debitis corporis nostrum quas distinctio. Architecto ea natus placeat quia est nostrum et natus. Est ut qui quam excepturi.', 1, '2018-11-21 17:05:34', '2018-11-21 17:05:34'),
(224, 49, 'Nedra Hahn', 'Maxime quas minima qui placeat aut. Pariatur tenetur id et laborum.', 1, '2018-11-21 17:05:34', '2018-11-21 17:05:34'),
(225, 39, 'Jordane Nitzsche', 'Optio minus quaerat recusandae eius dolores et sequi. Eos nisi aut aut quia et facilis ut. Quia et et debitis dignissimos.', 3, '2018-11-21 17:05:34', '2018-11-21 17:05:34'),
(226, 81, 'Trent Thiel', 'Amet eligendi voluptatem sint maiores aliquam. Voluptatem veniam magni voluptatum accusamus doloremque necessitatibus maxime. Aliquid quo rerum ea reprehenderit similique magnam dolor. Et excepturi dignissimos incidunt ducimus eum.', 2, '2018-11-21 17:05:34', '2018-11-21 17:05:34'),
(227, 84, 'Leonardo Murray I', 'Quos non iusto sit magnam quia. Quaerat rem ea nemo perspiciatis dolor. Assumenda exercitationem voluptatem qui et minima voluptas.', 0, '2018-11-21 17:05:34', '2018-11-21 17:05:34'),
(228, 12, 'Oral O\'Keefe Sr.', 'Corporis quia accusamus dolorem ut. Officia sed repudiandae ut cum. Eum modi praesentium voluptas voluptas ratione dolore.', 2, '2018-11-21 17:05:34', '2018-11-21 17:05:34'),
(229, 86, 'Christelle Pfeffer V', 'Quos vel dolorem perspiciatis quidem. At aut quae culpa nostrum deleniti. Dolorem voluptate voluptatem sit saepe sequi aliquam non.', 1, '2018-11-21 17:05:34', '2018-11-21 17:05:34'),
(230, 61, 'Prof. Danial Lockman', 'Non id eum tenetur aliquam modi. Eum soluta possimus consequuntur dolores et. Eos dolores est eum quia neque quaerat iure.', 5, '2018-11-21 17:05:34', '2018-11-21 17:05:34'),
(231, 7, 'Bernie Runte PhD', 'Tenetur accusantium iure eius tenetur possimus dolorem sed. Dolor doloribus voluptatum aut perferendis nobis dolor. Corrupti culpa ut inventore labore neque. Aut sed aut aut nihil soluta ut repellendus ut.', 3, '2018-11-21 17:05:34', '2018-11-21 17:05:34'),
(232, 41, 'Prof. Norberto Bartell', 'Qui a et harum voluptatibus. Id aut nemo quod voluptatibus mollitia. Commodi eos sit ad tenetur sunt vero aut. Laborum ut eius qui repudiandae sequi quia aut. Earum consectetur culpa aspernatur quibusdam.', 3, '2018-11-21 17:05:34', '2018-11-21 17:05:34'),
(233, 28, 'Odell Senger', 'Accusantium non harum laudantium doloremque rerum. Quibusdam molestias et eius animi eos. Eum voluptatem quam dolorem sequi.', 2, '2018-11-21 17:05:34', '2018-11-21 17:05:34'),
(234, 21, 'Miss Ona Sawayn', 'Quia assumenda commodi explicabo rerum aspernatur aliquam voluptatibus. Eum maiores ea quibusdam et aspernatur. Et in quod consequatur quia fugiat reiciendis. Ducimus aut at iste veritatis magnam eum facere.', 2, '2018-11-21 17:05:34', '2018-11-21 17:05:34'),
(235, 35, 'Laury Weber I', 'Quam ducimus sed sit. Dolores nobis sit ducimus ratione corporis. Porro delectus in eaque id quia commodi in.', 3, '2018-11-21 17:05:34', '2018-11-21 17:05:34'),
(236, 30, 'Horacio Hermann', 'Voluptas porro sit rerum quia. Est et laborum est nobis. Voluptas veniam consequuntur sit autem quos impedit. Veniam aut aut impedit omnis voluptas.', 5, '2018-11-21 17:05:34', '2018-11-21 17:05:34'),
(237, 44, 'Miss Maybell Klein', 'Dolores ut sed molestiae dolorem ab sequi. Odit sed nulla sit corrupti porro. Corporis rem nobis omnis quia autem aspernatur. Error perspiciatis reprehenderit ducimus enim.', 4, '2018-11-21 17:05:34', '2018-11-21 17:05:34'),
(238, 49, 'Prof. Estrella Hermann', 'Quia quia ut voluptas cupiditate possimus voluptatem quia laboriosam. Quo libero ut qui et laborum quibusdam. Ipsum voluptate magni temporibus perspiciatis.', 2, '2018-11-21 17:05:34', '2018-11-21 17:05:34'),
(239, 94, 'Gussie Pacocha', 'Reprehenderit sed incidunt quia laborum quis voluptatem. Quaerat animi esse ipsam voluptatem in enim. Rerum pariatur et vero laboriosam nostrum.', 2, '2018-11-21 17:05:34', '2018-11-21 17:05:34'),
(240, 20, 'Mireille Renner', 'Corrupti veritatis culpa et autem. Doloribus fuga dolor quibusdam voluptas voluptates voluptatum fuga veniam. Necessitatibus dolores sit velit numquam assumenda voluptatum ducimus. Non eos fugit eligendi qui dolorem.', 1, '2018-11-21 17:05:34', '2018-11-21 17:05:34'),
(241, 89, 'Joanie Hintz', 'Unde commodi beatae enim similique occaecati dolores. Eaque corrupti vitae deleniti amet. Temporibus asperiores laudantium corporis laboriosam beatae tempora adipisci ut.', 2, '2018-11-21 17:05:34', '2018-11-21 17:05:34'),
(242, 7, 'Alfonso Wilderman', 'Ducimus non corporis molestiae atque. Excepturi quo recusandae beatae consequatur voluptate voluptatem.', 2, '2018-11-21 17:05:34', '2018-11-21 17:05:34'),
(243, 78, 'Mason Gleichner', 'Facilis qui velit in at non illo incidunt. Quas et eius dolorem qui.', 1, '2018-11-21 17:05:34', '2018-11-21 17:05:34'),
(244, 47, 'Melyssa Ortiz', 'Ut hic libero eum aut itaque quis voluptatibus quia. Iure aliquid sunt id ducimus. Ipsam quo odio numquam fuga libero sequi.', 4, '2018-11-21 17:05:34', '2018-11-21 17:05:34'),
(245, 25, 'Florencio Hodkiewicz I', 'Ea dolor quasi dolorum. Perspiciatis eaque ullam cumque deserunt unde aut eum. Quia rem dolores vel qui eligendi est. Numquam quibusdam voluptatum id nihil sit in. Quaerat voluptatem at sit inventore.', 4, '2018-11-21 17:05:34', '2018-11-21 17:05:34'),
(246, 97, 'Clarissa Bins', 'Sit modi ex officiis similique dolores. Placeat culpa soluta saepe voluptatem ipsam. Nisi aut sed beatae recusandae ea harum vitae mollitia. Vero omnis quibusdam excepturi dignissimos facilis.', 4, '2018-11-21 17:05:34', '2018-11-21 17:05:34'),
(247, 9, 'Prof. Joan Johnston', 'Beatae voluptatem sapiente eligendi in qui laudantium non. Voluptas ut officia esse culpa quis. Porro et ut voluptas voluptatem esse eum est aut.', 5, '2018-11-21 17:05:34', '2018-11-21 17:05:34'),
(248, 16, 'Hermann Monahan', 'Sapiente reiciendis dolorem corrupti. Enim eaque qui sapiente. Sapiente minima consectetur excepturi omnis quasi. Perspiciatis non ratione dolores tempora veritatis aut fugiat.', 0, '2018-11-21 17:05:34', '2018-11-21 17:05:34'),
(249, 88, 'Mr. Bartholome Little', 'Aut dicta ratione fuga eligendi. Perferendis quos voluptatum dignissimos sed. Perferendis enim explicabo possimus exercitationem quasi. Qui voluptatem asperiores ut velit culpa molestiae expedita.', 5, '2018-11-21 17:05:34', '2018-11-21 17:05:34'),
(250, 94, 'Reanna Bogan', 'Quod autem quis qui eum id illum. Perferendis ipsa velit voluptatem est quidem. Placeat minus aut repellendus est voluptatum quo minus dolores. Neque laboriosam consequatur quisquam sed rerum et est.', 2, '2018-11-21 17:05:34', '2018-11-21 17:05:34'),
(251, 72, 'Maria Ruecker', 'Ut reiciendis non tempora est voluptatem. Alias deserunt enim quia corrupti repellat. Molestiae totam et iusto nostrum facere.', 3, '2018-11-21 17:05:35', '2018-11-21 17:05:35'),
(252, 33, 'Jeremie Ernser', 'Quisquam inventore aut occaecati quisquam molestias. Ut amet in quas.', 0, '2018-11-21 17:05:35', '2018-11-21 17:05:35'),
(253, 19, 'Granville Hackett', 'Perspiciatis iure quia rem id qui iure. Facere sapiente commodi quos eos. Laudantium et ea sint quidem sint ut delectus.', 0, '2018-11-21 17:05:35', '2018-11-21 17:05:35'),
(254, 83, 'Joanny Watsica', 'Qui quae dolorem iure ut numquam vero culpa. Natus enim assumenda quia soluta. Reprehenderit voluptates temporibus nobis est rem et eum. Ut ad ipsum expedita. Et praesentium enim sint culpa.', 5, '2018-11-21 17:05:35', '2018-11-21 17:05:35'),
(255, 30, 'America Rath', 'Id sed quisquam perferendis mollitia blanditiis. Molestiae sit facere distinctio omnis ut. Est inventore dicta necessitatibus. Nulla a at error ut.', 5, '2018-11-21 17:05:35', '2018-11-21 17:05:35'),
(256, 11, 'Curtis Rutherford', 'Aut mollitia porro in non voluptatem. Dolores et eius qui voluptatem accusamus qui pariatur. Ea blanditiis consequatur id id. Atque odio quasi consequatur voluptatibus atque.', 2, '2018-11-21 17:05:35', '2018-11-21 17:05:35'),
(257, 57, 'Camilla Schultz', 'Pariatur dolor accusamus assumenda quidem quis suscipit. Est occaecati qui qui eos nemo et impedit soluta. Distinctio sed est sint dicta. Aut illo nesciunt est. Fugiat inventore optio tempore eum corrupti.', 4, '2018-11-21 17:05:35', '2018-11-21 17:05:35'),
(258, 26, 'Miss Magdalen Goldner', 'Et facilis modi qui. Cumque totam accusamus mollitia sunt voluptas natus. Omnis rerum est nisi eum. Quia sed est aut velit itaque.', 1, '2018-11-21 17:05:35', '2018-11-21 17:05:35'),
(259, 71, 'Braeden Lockman', 'Doloremque ea totam soluta ea. Quo molestiae in dolor sapiente rerum et.', 2, '2018-11-21 17:05:35', '2018-11-21 17:05:35'),
(260, 1, 'Cade Leuschke PhD', 'Repellendus optio odit dolorem quae aperiam. Est autem odio ipsam quo fuga veritatis voluptatem. Ea eligendi illo rem accusamus fugit a placeat. Sunt recusandae aut fugit doloribus quos.', 3, '2018-11-21 17:05:35', '2018-11-21 17:05:35'),
(261, 26, 'Dylan Legros III', 'Vitae consectetur amet iste aut consequatur ut qui. Non et necessitatibus labore ut aut et repellendus. Libero amet eos assumenda amet.', 2, '2018-11-21 17:05:35', '2018-11-21 17:05:35'),
(262, 94, 'Dr. May Keeling PhD', 'Atque et accusantium dolor voluptatem deleniti totam. Recusandae eveniet rerum deserunt ad illum necessitatibus. Qui ullam ut quam voluptas ex. Inventore ut sed est sint quaerat.', 0, '2018-11-21 17:05:35', '2018-11-21 17:05:35'),
(263, 32, 'Brook Nikolaus V', 'Error molestiae aut beatae. Quisquam animi eligendi ut qui enim est.', 3, '2018-11-21 17:05:35', '2018-11-21 17:05:35'),
(264, 57, 'Dr. Lazaro Batz', 'Aspernatur incidunt reiciendis dolore quia laborum id quam. Et necessitatibus tenetur ex voluptas. Laudantium illum libero et dignissimos quae explicabo necessitatibus.', 2, '2018-11-21 17:05:35', '2018-11-21 17:05:35'),
(265, 49, 'Prof. Ephraim Balistreri PhD', 'Est earum ut et ut enim natus et amet. Animi debitis qui recusandae blanditiis tempora nesciunt. Mollitia beatae et recusandae. Magni molestiae et mollitia officiis minus consectetur tenetur.', 3, '2018-11-21 17:05:35', '2018-11-21 17:05:35'),
(266, 8, 'America Miller Jr.', 'Totam dolores sed voluptatibus tempora consequatur est ullam voluptas. Non voluptatem dolor pariatur veniam fugiat. Recusandae ut asperiores aut vel.', 2, '2018-11-21 17:05:35', '2018-11-21 17:05:35'),
(267, 5, 'Lorine Hackett', 'Id dolor nobis rerum rerum eos ut sed. Sunt non et aut similique. Aspernatur maxime ipsam sed est fugit vitae quidem. Natus mollitia consequatur iste non libero.', 3, '2018-11-21 17:05:35', '2018-11-21 17:05:35'),
(268, 38, 'Dwight Upton', 'Ut voluptatem ut sapiente qui. Impedit perspiciatis omnis est qui. Omnis pariatur est ex earum iure omnis assumenda. Magnam ut quam praesentium aut natus.', 0, '2018-11-21 17:05:35', '2018-11-21 17:05:35'),
(269, 4, 'Courtney Stroman', 'Ut praesentium dolor optio ipsum. Nemo non pariatur quibusdam in animi aspernatur consequatur. Quod rem tenetur perspiciatis dolores fugit ex quos.', 3, '2018-11-21 17:05:35', '2018-11-21 17:05:35'),
(270, 21, 'Leola Gleason', 'Incidunt libero eos eum omnis enim. Aut sed quos ut quos occaecati quam. Ut quaerat rem eaque et in.', 5, '2018-11-21 17:05:35', '2018-11-21 17:05:35'),
(271, 67, 'Marta Champlin', 'Vel et vel aliquid similique rerum et omnis. Quas aut hic consequatur et omnis voluptatibus natus. Totam itaque ad aut veritatis ratione.', 2, '2018-11-21 17:05:35', '2018-11-21 17:05:35'),
(272, 6, 'Cheyanne Bednar', 'Saepe tenetur accusamus consequatur inventore eos voluptates hic. Est corrupti adipisci amet asperiores. Possimus magnam voluptas id porro nam molestiae ut.', 2, '2018-11-21 17:05:35', '2018-11-21 17:05:35'),
(273, 16, 'Otilia Miller', 'Adipisci vel culpa necessitatibus. In illum cumque odio iste rerum velit. Ab facere facilis exercitationem odio. Voluptatibus dolores sed et ipsam ratione. Dolorem et accusamus inventore enim officia est hic voluptate.', 1, '2018-11-21 17:05:35', '2018-11-21 17:05:35'),
(274, 76, 'Cleve Johnston', 'Qui rerum commodi quasi omnis eius. Cumque sed consectetur blanditiis. Aliquam et occaecati quisquam aut et. Aut in autem ipsum sit nostrum eligendi quaerat.', 2, '2018-11-21 17:05:35', '2018-11-21 17:05:35'),
(275, 2, 'Michael O\'Conner', 'Ratione excepturi aut eos aut explicabo nam libero. Voluptates vitae non nemo cum. Minus laborum ratione corrupti exercitationem voluptas totam aut.', 2, '2018-11-21 17:05:35', '2018-11-21 17:05:35'),
(276, 38, 'Erin Witting DDS', 'Deserunt dolores eligendi et dolores repellendus. Eaque esse ad neque nisi beatae ab voluptatum. Fugit ipsa quisquam aliquam laboriosam ut.', 5, '2018-11-21 17:05:35', '2018-11-21 17:05:35'),
(277, 56, 'Sheila Mitchell', 'Recusandae quod dolores explicabo eaque aut voluptate a. Laudantium non voluptate qui repellat. Aliquid et laborum cumque nostrum deleniti non qui. Ea voluptas qui deserunt architecto voluptas porro sunt.', 1, '2018-11-21 17:05:35', '2018-11-21 17:05:35'),
(278, 73, 'Dr. Paxton Treutel I', 'Ut temporibus voluptas sed ullam ea. Dolores nemo ducimus adipisci qui sed quia numquam. Maiores corporis et debitis. Quia nihil tenetur ipsa iure soluta nihil sed.', 3, '2018-11-21 17:05:35', '2018-11-21 17:05:35'),
(279, 64, 'Adrianna Gleason Sr.', 'Unde est vel molestias quia ut. Doloremque quas id exercitationem vel nulla ut sint.', 4, '2018-11-21 17:05:35', '2018-11-21 17:05:35'),
(280, 57, 'Margarett Heidenreich Jr.', 'Quia consequatur eveniet quibusdam ut quasi neque esse. Reprehenderit cumque sapiente quos incidunt. Sunt atque sunt qui.', 4, '2018-11-21 17:05:35', '2018-11-21 17:05:35'),
(281, 6, 'Mrs. Candice Hamill I', 'Quia quod eos sed soluta. Consequatur pariatur odio ut consequatur quo. Aspernatur tempora nemo rerum quam aliquid accusamus aut.', 0, '2018-11-21 17:05:35', '2018-11-21 17:05:35'),
(282, 33, 'Odie Beier', 'Earum reiciendis explicabo error eius. Iusto voluptatem ab exercitationem eum ut. In consequatur nemo aliquid. Labore iste et dolorem nesciunt.', 5, '2018-11-21 17:05:35', '2018-11-21 17:05:35'),
(283, 34, 'Maeve Nader MD', 'Soluta libero illum sit quia voluptatem sit. Consequatur tenetur nihil iusto enim error. Ducimus quo nesciunt quo adipisci nihil.', 3, '2018-11-21 17:05:35', '2018-11-21 17:05:35'),
(284, 96, 'Brisa McKenzie', 'Quisquam et sed et beatae pariatur. Itaque dolorum qui ipsum explicabo impedit explicabo.', 3, '2018-11-21 17:05:35', '2018-11-21 17:05:35'),
(285, 15, 'Dr. Friedrich Pacocha', 'Ad quisquam a minus et voluptatem aut. Ut accusantium cum ut voluptatum nam. Ipsa dolore sit quo aut. Molestiae aut voluptatem ipsam.', 1, '2018-11-21 17:05:35', '2018-11-21 17:05:35'),
(286, 6, 'Mr. Augustus Lueilwitz Jr.', 'Blanditiis ratione quam nemo voluptas ut architecto placeat. Ea quo et quia adipisci esse blanditiis. Omnis vitae dignissimos iste quasi sint.', 1, '2018-11-21 17:05:35', '2018-11-21 17:05:35'),
(287, 72, 'Dr. Sharon Carter', 'Maiores est sit quasi ut. Enim eaque qui voluptatem omnis velit. Veniam sequi dolores voluptatem non in saepe. In suscipit veniam ab officiis ducimus perferendis.', 3, '2018-11-21 17:05:35', '2018-11-21 17:05:35'),
(288, 32, 'Mittie Heidenreich', 'Voluptatem sint labore repellendus ipsa delectus. Maxime voluptates illo sed hic quia. Beatae fuga nesciunt minus a consequuntur neque. Sed corporis provident et recusandae omnis similique.', 3, '2018-11-21 17:05:35', '2018-11-21 17:05:35'),
(289, 26, 'Mr. Cecil Hagenes', 'Maiores iste ut facilis porro. Libero voluptates distinctio qui veniam eos minus. Sed inventore adipisci qui libero dolorem. Eligendi voluptatum qui ipsam culpa facere vitae et. Facilis est et explicabo nesciunt nulla consequuntur eius.', 4, '2018-11-21 17:05:35', '2018-11-21 17:05:35'),
(290, 34, 'Dr. Ryley Barton', 'Velit commodi dignissimos iste rerum. Id quis unde laboriosam rerum tempore. Voluptate pariatur earum ipsum ut repudiandae. Omnis similique et doloribus ducimus enim quidem.', 4, '2018-11-21 17:05:35', '2018-11-21 17:05:35'),
(291, 51, 'Cornelius Metz', 'Tempore aperiam corrupti ut veniam totam delectus vitae. Quaerat aperiam ipsa molestias odio placeat sint. Vel temporibus ad est laudantium ut maxime ut consectetur.', 2, '2018-11-21 17:05:36', '2018-11-21 17:05:36'),
(292, 71, 'Bridgette Spencer', 'Expedita illo cum velit et praesentium doloremque nobis. Sint quisquam facere deleniti autem. Commodi praesentium excepturi corrupti explicabo. Doloribus quidem non maxime quas cumque nisi.', 2, '2018-11-21 17:05:36', '2018-11-21 17:05:36'),
(293, 57, 'Dr. Vicente Kemmer IV', 'Ullam maxime debitis delectus sint veritatis aliquam eius aut. Aliquid et illo quo praesentium. Animi asperiores dicta in consequatur quis necessitatibus. Totam ut modi est omnis beatae corporis. Debitis ipsam eum doloremque deleniti ut reprehenderit.', 4, '2018-11-21 17:05:36', '2018-11-21 17:05:36'),
(294, 35, 'Mrs. Alice Goodwin', 'Vitae nobis perspiciatis ut soluta nobis. Corrupti consequatur quaerat ea hic. Nihil soluta quis ea.', 3, '2018-11-21 17:05:36', '2018-11-21 17:05:36'),
(295, 81, 'Dr. Karl McLaughlin DDS', 'Vel nostrum tempora quae et. Adipisci dolores nesciunt velit nobis neque maiores vel.', 1, '2018-11-21 17:05:36', '2018-11-21 17:05:36'),
(296, 84, 'Virginie Brown', 'Accusantium consectetur dolorum dolorem. Nihil excepturi dolore et alias autem est. Eaque suscipit vitae fugiat corrupti dolores.', 3, '2018-11-21 17:05:36', '2018-11-21 17:05:36'),
(297, 16, 'Mr. Hailey Dickinson', 'Nobis aliquid quo laudantium. Velit qui est voluptatem fugiat occaecati. Itaque nam quisquam consequatur maxime nemo.', 4, '2018-11-21 17:05:36', '2018-11-21 17:05:36'),
(298, 31, 'Sammie Hyatt', 'Voluptas est voluptatum illo consectetur ipsa nulla et. Quidem ipsa qui aspernatur doloremque. Magni provident quia repellat tempora consectetur. Suscipit quibusdam aut impedit aut.', 5, '2018-11-21 17:05:36', '2018-11-21 17:05:36'),
(299, 75, 'Mariana Rohan', 'Laudantium dolores quasi ea suscipit sed mollitia fugiat ipsum. Cupiditate autem vel reprehenderit delectus.', 2, '2018-11-21 17:05:36', '2018-11-21 17:05:36'),
(300, 67, 'Aimee Smith', 'Atque sapiente voluptas doloribus. Voluptates incidunt quibusdam eum quo adipisci quam eveniet aspernatur. Praesentium assumenda recusandae et dignissimos voluptatibus nisi. Repellendus libero impedit vel aut. Voluptatem nostrum distinctio minus nobis ipsam iusto.', 5, '2018-11-21 17:05:36', '2018-11-21 17:05:36');

-- --------------------------------------------------------

--
-- Estructura de tabla para la tabla `users`
--

CREATE TABLE `users` (
  `id` int(10) UNSIGNED NOT NULL,
  `name` varchar(191) COLLATE utf8mb4_unicode_ci NOT NULL,
  `email` varchar(191) COLLATE utf8mb4_unicode_ci NOT NULL,
  `email_verified_at` timestamp NULL DEFAULT NULL,
  `password` varchar(191) COLLATE utf8mb4_unicode_ci NOT NULL,
  `remember_token` varchar(100) COLLATE utf8mb4_unicode_ci DEFAULT NULL,
  `created_at` timestamp NULL DEFAULT NULL,
  `updated_at` timestamp NULL DEFAULT NULL
) ENGINE=InnoDB DEFAULT CHARSET=utf8mb4 COLLATE=utf8mb4_unicode_ci;

--
-- Índices para tablas volcadas
--

--
-- Indices de la tabla `migrations`
--
ALTER TABLE `migrations`
  ADD PRIMARY KEY (`id`);

--
-- Indices de la tabla `password_resets`
--
ALTER TABLE `password_resets`
  ADD KEY `password_resets_email_index` (`email`);

--
-- Indices de la tabla `products`
--
ALTER TABLE `products`
  ADD PRIMARY KEY (`id`);

--
-- Indices de la tabla `reviews`
--
ALTER TABLE `reviews`
  ADD PRIMARY KEY (`id`),
  ADD KEY `reviews_product_id_index` (`product_id`);

--
-- Indices de la tabla `users`
--
ALTER TABLE `users`
  ADD PRIMARY KEY (`id`),
  ADD UNIQUE KEY `users_email_unique` (`email`);

--
-- AUTO_INCREMENT de las tablas volcadas
--

--
-- AUTO_INCREMENT de la tabla `migrations`
--
ALTER TABLE `migrations`
  MODIFY `id` int(10) UNSIGNED NOT NULL AUTO_INCREMENT, AUTO_INCREMENT=5;

--
-- AUTO_INCREMENT de la tabla `products`
--
ALTER TABLE `products`
  MODIFY `id` int(10) UNSIGNED NOT NULL AUTO_INCREMENT, AUTO_INCREMENT=101;

--
-- AUTO_INCREMENT de la tabla `reviews`
--
ALTER TABLE `reviews`
  MODIFY `id` int(10) UNSIGNED NOT NULL AUTO_INCREMENT, AUTO_INCREMENT=301;

--
-- AUTO_INCREMENT de la tabla `users`
--
ALTER TABLE `users`
  MODIFY `id` int(10) UNSIGNED NOT NULL AUTO_INCREMENT;

--
-- Restricciones para tablas volcadas
--

--
-- Filtros para la tabla `reviews`
--
ALTER TABLE `reviews`
  ADD CONSTRAINT `reviews_product_id_foreign` FOREIGN KEY (`product_id`) REFERENCES `products` (`id`) ON DELETE CASCADE;
COMMIT;

/*!40101 SET CHARACTER_SET_CLIENT=@OLD_CHARACTER_SET_CLIENT */;
/*!40101 SET CHARACTER_SET_RESULTS=@OLD_CHARACTER_SET_RESULTS */;
/*!40101 SET COLLATION_CONNECTION=@OLD_COLLATION_CONNECTION */;
